score,node_distribution_unreversed,node_distribution,node_distribution_raw,distance_to_borderlines_unreversed,distance_to_borderlines,distance_to_borderlines_raw,edge_length_sum,edge_length_sum_raw,edge_node_distance_contribution_unreversed,edge_node_distance_contribution,edge_node_distance_contribution_raw,count_edge_crossings,count_edge_crossings_raw,communities_closeness,sum_of_angles,symmetry,category
6,14.829591832624768,23.876561121522037,17.780065291477943,24.0,55.398,20.337,2.1526348329133875,3.5925602686131257,18.886689296450356,50.99385565727181,33.78237679544877,0,0,4.595035314870651,1.8187317989241545,0.9238541957617746,WS
2,9.414348666745118,125.10612945907559,33.45374991714044,24.0,48.836,22.544,2.214927106812155,3.371768452239108,11.224078082376844,6248.677875141835,184.25447728945352,4,2,4.291183550799542,1.8575739071154067,0.9942535291302317,WS
3,6.608168686945262,134.19563006785052,40.02026037787189,24.0,20.004,17.203,1.848900635792164,3.2819568379748834,6.695051718056882,8240.74214988112,206.08108145447736,25,5,2.9756551694841527,2.0576276076512547,0.9941073613316124,WS
4,7.465641116627457,140.19015915144396,39.6310390209594,24.0,12.336,14.229,2.198072788390957,3.3994772834781934,7.175087582671647,1227.6749005722304,129.13942535932335,16,4,3.3387651562719363,1.8248068873357968,0.983864968334453,WS
5,10.232899134854703,53.37312085792164,26.00649743251063,24.0,32.118,18.622,3.3597853385245378,4.151853195651076,11.855137330455534,357.60569210812986,69.22144076902805,4,2,4.698183232002907,1.9766763058448835,0.9838692028522054,WS
1,6.950917194284952,105.69088225095335,37.25337619284514,24.0,20.209,16.401,1.747609779778621,3.0933281866451203,6.556478388255687,5825.2424541502505,178.56217257921867,9,3,3.0125101273289774,1.8518893957982512,0.988859750705675,WS
6,14.57255537209699,26.504899700658104,18.55092283146853,24.0,33.367,17.258,1.8913788314173194,3.366948192490469,19.563650480066805,52.32726881897317,33.73816728847323,0,0,7.593440514856385,1.8647399760003,0.9034650643302868,WS
4,10.425147314847214,154.68329511586992,33.07102892541924,24.0,21.669,16.899,2.3329864586072393,3.4703950469426355,13.498316073978064,1672.188929034663,109.14096373769736,4,2,5.35987578491109,2.0367614025438416,0.990023985838683,WS
2,7.7849154390230915,95.4446782397167,34.72858857757396,24.0,37.811,21.189,1.404937899046109,2.7827442254119426,9.0421564371524,2235.50917597046,118.51862199280944,0,0,3.3233387689292755,1.5193730012165263,0.9825270262028463,WS
3,6.664451006072791,234.53463332010142,47.72711981986288,24.0,40.957,22.056,1.6590688082737621,2.9130459326137035,7.2265361340973895,78818045.34133099,9061.201830640357,1,1,1.9572060750444469,1.916982268794839,0.9798569707280687,WS
1,9.274367688190745,73.34697987298897,29.454298174855847,24.0,31.776,18.027,2.2322401974034456,3.2469321041036205,10.632596884625784,1271.5005635344353,95.10382537674718,9,3,3.6636963256120616,2.064679420398714,0.9854094184793196,WS
5,8.646152332388823,76.42194543782233,30.93625758181561,24.0,46.311,21.82,1.8957177168666568,3.194321013673943,10.023810704712037,270.9370668349331,71.19007338827211,1,1,3.2358135788070195,1.8274126311613124,0.9786224063540799,WS
6,17.918884413626337,54.44283307818197,30.866918431376003,28.0,39.652,20.085,1.3114081216468738,3.02791321633042,24.449115327483273,116.54468017832792,59.89045512141462,0,0,3.9671920901924733,2.2330185244635414,0.9229211158083733,WS
2,12.179849076610756,398.94452599417906,62.84655776453077,28.0,30.483,21.171,2.981860071066782,4.166010725383301,13.955330075686632,579856.4564565661,956.8670564917077,25,5,3.27257125969781,2.7907089803790694,0.9766954799079349,WS
1,8.619202907496001,438.6166216621908,78.22752935858618,28.0,38.83,24.255,1.2456507472886977,2.55468964133368,9.298559999951925,105209.7656436983,683.4809375984099,9,3,1.252526631307521,2.202608182011925,0.9686581902438532,WS
4,12.914289585335325,104.8534324503186,41.709176230342955,28.0,38.112,21.437,3.914596656075573,5.074789538498937,14.293580551963313,799.0346019178374,131.87710688487005,36,6,3.6469894855382736,2.450271795718003,0.9873353153865668,WS
5,10.848754855412862,173.22690964702963,52.61226873720148,28.0,43.402,23.508,2.0176897678860595,3.617307830783706,12.302511784204643,671.5058783707046,132.56428031353443,1,1,2.6116218870770433,2.1990340134123074,0.9781369234735624,WS
3,12.625515704660373,158.66829072469494,47.110764356624856,28.0,47.697,24.925,2.745697035798223,3.9291443716488423,14.707161056953165,85560.17253997868,414.8408648757675,4,2,3.489818444508908,2.6576559597981237,0.979984338820645,WS
6,17.757974477300973,17.26003549588518,14.944783700111698,24.0,46.216,20.791,2.806284910080121,4.100192735674216,23.837491086675303,35.74274737005239,27.66867713535275,0,0,6.968385230165712,2.206444409957099,0.9193849896773696,WS
3,10.425147314847214,154.68329511586992,33.07102892541924,24.0,21.669,16.899,3.7217346515724286,4.101892988121853,12.45023458235837,336.9366082292224,67.42472540350471,4,2,3.8625010136742057,2.16535072574735,0.990023985838683,WS
4,7.7849154390230915,95.4446782397167,34.72858857757396,24.0,37.811,21.189,2.377311046297427,3.5725836298512426,7.766791485678564,2826.7392615964495,146.74760258137957,9,3,3.412865390635575,1.7454774878622958,0.9825270262028463,WS
2,6.664451006072791,234.53463332010142,47.72711981986288,24.0,40.957,22.056,1.7412991981976638,3.0191981223584374,6.486561047718306,78810996.60286012,8990.656046403245,0,0,2.4394969385986007,1.0774188087380974,0.9798569707280687,WS
1,9.274367688190745,73.34697987298897,29.454298174855847,24.0,31.776,18.027,3.1307434494390063,4.083736096738388,9.45969313074565,2185.1284331943116,131.04149051840227,1,1,2.911330232434477,1.425713681842621,0.9854094184793196,WS
5,8.646152332388823,76.42194543782233,30.93625758181561,24.0,46.311,21.82,2.5257279936571457,3.5842421790561767,8.795963869047638,1580.3208010980754,111.35936020138041,16,4,2.591296591392268,1.8995626211793606,0.9786224063540799,WS
6,23.203073980779926,105.15728485765173,47.04047482615731,32.0,37.433,21.664,0.8237742840244804,2.5669904266857713,34.829145193383845,220.32401748670523,90.4468997902167,0,0,8.14127502521815,2.9464772581705905,0.92179466332279,WS
1,16.025741909252865,444.71715542540034,79.1251111043656,32.0,43.421,26.283,1.6831093922764997,3.3824183587190886,19.736379810081463,3264.9827456822136,258.10002578777096,4,2,5.590634933874041,3.4579236418732537,0.9721120094014111,WS
2,14.046420868114906,286.09152819118515,72.66673862678783,32.0,43.773,26.407,3.395038873484836,5.033301255343254,14.167291482272484,10089.36560171242,339.85762327079743,196,14,6.11548510317535,3.8639285220568094,0.9844108015693629,WS
4,17.074752542323623,124.28978246293133,53.697688767787966,32.0,39.825,24.133,2.972378407269969,4.564879063715744,22.207892488326824,880.0012308886814,148.77783431037804,16,4,6.765629913595426,3.632961331561837,0.9937202755146177,WS
5,15.0812184920564,165.22718798783222,62.14775640291821,32.0,55.718,28.348,2.8883335286093534,4.530583873430238,16.798224119268998,85338.88199272219,449.25933562836127,25,5,6.951905094024717,3.4595963228962767,0.9806170437732545,WS
3,14.865055909767925,399.07877121363884,79.48461418927428,32.0,34.898,24.475,2.8196520684192996,4.39657052585359,15.569694104420433,18456.420317503555,400.48252582262603,16,4,6.76553876817065,2.6848421507479445,0.9882454325951826,WS
6,30.50363272665608,37.842820342525016,30.315144371628765,32.0,47.679,25.092,9.938216944734343,12.465151085472343,81.72498008786361,3285.154129540899,184.670678500546,16,4,13.417266274482845,15.056426930734194,0.9062765867152625,WS
1,16.025741909252865,444.71715542540034,79.1251111043656,32.0,43.421,26.283,6.861805888712892,9.610116189058324,32.77619081874138,4107228.409925206,3225.2615571543197,441,21,5.590634933874041,12.81662508342556,0.9721120094014111,WS
2,14.046420868114906,286.09152819118515,72.66673862678783,32.0,43.773,26.407,3.9192643699237526,7.104510309086066,34.242804757510896,78952442.66123214,9784.330943263409,121,11,6.11548510317535,13.288529618921883,0.9844108015693629,WS
4,17.074752542323623,124.28978246293133,53.697688767787966,32.0,39.825,24.133,5.940967876691248,9.093861103145349,43.432460672829286,7246.257481508,355.13368932019205,256,16,6.765629913595426,15.294546007592151,0.9937202755146177,WS
5,15.0812184920564,165.22718798783222,62.14775640291821,32.0,55.718,28.348,5.938108744348845,9.28770034958362,34.711791126856674,5267.951897235738,418.64332693490263,400,20,6.951905094024717,15.823209064629928,0.9806170437732545,WS
3,14.865055909767925,399.07877121363884,79.48461418927428,32.0,34.898,24.475,5.505985454049126,8.599582303736522,32.040838324236105,41243.99361666125,803.2907692940911,529,23,6.76553876817065,13.88969278090231,0.9882454325951826,WS
6,18.943559717948126,12.514332339575809,13.088663547691533,24.0,71.801,24.824,17.440536133048486,14.080499156802738,45.91104803930139,99.42267426421418,59.91034223899115,4,2,18.943559717948126,8.799976896648788,0.9238085682045594,WS
1,10.425147314847214,154.68329511586992,33.07102892541924,24.0,21.669,16.899,6.388286207042645,8.06023516031376,24.648110206210216,1868.812887021243,187.23122545195704,64,8,10.425147314847216,8.72392524353383,0.990023985838683,WS
3,7.7849154390230915,95.4446782397167,34.72858857757396,24.0,37.811,21.189,3.6147380553878796,6.020170072794963,16.686906278898174,2676.9465317486593,212.52416154119047,36,6,7.7849154390230915,7.235407049126071,0.9825270262028463,WS
2,6.664451006072791,234.53463332010142,47.72711981986288,24.0,40.957,22.056,3.0388116581645277,5.389968294565961,13.785224171426174,78813008.56170969,9146.51502011858,36,6,6.664451006072791,7.622336714911106,0.9798569707280687,WS
2,9.274367688190745,73.34697987298897,29.454298174855847,24.0,31.776,18.027,5.271503187425778,7.423851215488704,21.411609894436555,2799.063475337111,208.14532605892109,36,6,9.274367688190745,8.429904688983985,0.9854094184793196,WS
5,8.646152332388823,76.42194543782233,30.93625758181561,24.0,46.311,21.82,4.540592317502609,6.890136799390263,19.61588835161363,1812.5589277420004,178.9832841617092,36,6,8.646152332388823,8.134678011833747,0.9786224063540799,WS
6,19.134007928164777,11.834789116793981,12.825548025333905,24.0,41.361,20.22,15.821795382422403,13.441907666987527,47.87000101144374,64.50929110255322,52.945890252299776,9,3,19.134007928164774,8.83096264359696,0.921773648682839,WS
2,10.425147314847214,154.68329511586992,33.07102892541924,24.0,21.669,16.899,5.820649552281086,7.693831473982586,25.01992425301297,2133.4827358151033,188.56906806502835,36,6,10.425147314847216,8.914253367685944,0.990023985838683,WS
3,7.7849154390230915,95.4446782397167,34.72858857757396,24.0,37.811,21.189,3.059528922859025,5.630793392621901,17.146747129929008,3133.8988860265636,220.76767746369745,16,4,7.7849154390230915,6.784854712908211,0.9825270262028463,WS
1,6.664451006072791,234.53463332010142,47.72711981986288,24.0,40.957,22.056,2.447411477944844,4.848829695048236,14.73778534835196,78819581.54739583,9198.050930629392,9,3,6.664451006072791,8.075628069072792,0.9798569707280687,WS
5,9.274367688190745,73.34697987298897,29.454298174855847,24.0,31.776,18.027,4.928127613435139,7.1233630046326795,22.100260443279744,1839.4263687873708,172.00489406735636,36,6,9.274367688190745,8.86907301781426,0.9854094184793196,WS
4,8.646152332388823,76.42194543782233,30.93625758181561,24.0,46.311,21.82,4.374016254988787,6.718328119754469,19.602486660473637,1757.385546966626,173.8522225774521,36,6,8.646152332388823,8.273661264279173,0.9786224063540799,WS
6,37.02123256195348,184.4584898299994,78.45988746723462,40.0,38.611,25.732,1.1250049048903674,3.3281663689314924,56.93556106349566,453.91140620777514,163.50149862501982,1,1,11.089897155397043,5.204246130630283,0.9221882500901616,WS
2,22.936408989120082,760.6646631017807,136.1500533336798,40.0,50.083,32.393,2.877689064255998,4.759214824741984,27.41433234165435,8283.827212755923,496.52942257543083,9,3,5.041867432017116,4.573524785873738,0.9762054536919329,WS
5,26.965521613515023,235.57422500737567,91.43029432441479,40.0,63.906,33.353,3.9231972110493687,5.796942439857171,33.55465728901671,2042.1779337642035,278.0585073211395,81,9,7.354340812716366,5.987547039313734,0.9915294762768663,WS
3,25.004356433620956,290.80623581912596,101.16416147093051,40.0,63.767,34.453,2.8916270382957103,4.832300323371941,32.188218606384304,22808.68955263219,470.407034999438,36,6,6.063723221862629,5.861185215639766,0.9779127842244579,WS
1,23.399644760746696,1401.9694515441465,161.00034125878895,40.0,53.901,32.861,4.053782931449595,5.788350690683798,24.094285690971358,179983.5649883106,1216.697505157378,49,7,6.977054084328195,3.9628406246079386,0.9897189494281853,WS
4,27.22230160291079,1266.3866328104814,138.21313381934485,40.0,51.595,33.366,3.9487664338177155,5.578832961726511,38.80357285097032,17868.790972078332,479.2450236047082,4,2,7.047671051804696,5.991654104104984,0.9679415543267316,WS
5,12.134795522789872,10.180829324354704,9.38914493931862,20.0,49.302,18.715,5.462997985908783,5.03564687413876,12.648192162152002,37.86984436628269,21.220915755625597,1,1,3.9670176958615135,1.5,0.8897033343992254,WS
3,6.940591437960964,45.46959398342724,17.77097783290958,20.0,19.18,14.337,3.447016074114775,4.071344485187464,6.969483619117945,207.39072753021404,44.12816736033145,4,2,2.607561974234694,1.4177791977073815,0.9902846349173849,WS
1,5.458874987804293,202.90465443272103,30.208647516921467,20.0,18.973,14.606,1.2808790453068386,2.1877239277722405,6.3285304455991245,1098.1532731714974,75.64621198360666,0,0,1.6228415635377575,1.4733480098311327,0.9799652128402037,WS
2,5.061685553501336,93.68142670820598,25.982839957615134,20.0,31.11,17.787,2.1179723971877324,2.8941807397931485,3.868189633243487,806.178209000282,87.82503294871748,1,1,2.204440087890473,1.0615800383660283,0.974327143391066,WS
4,6.64783416857746,31.465495561378614,16.775513043266702,20.0,32.991,17.168,2.35775998671,3.3018638149613806,7.510559438937775,121.47580071353617,36.706428624302355,1,1,2.7829780898397636,1.0717795723439063,0.9904124925327292,WS
6,6.24187104439632,39.351056180632305,18.352222669924565,20.0,30.915,16.184,1.5036923704817395,2.541383471689897,7.40764755162049,182.60211892918824,40.9038050425715,0,0,2.2280308459749913,1.3011460312248535,0.9857906448939351,WS
5,20.91965305686359,9.90064506820047,11.730794170095422,24.0,52.392,22.969,18.91266740798351,14.696347744425037,52.337376021306554,53.96661487505601,48.426572606576876,9,3,20.91965305686359,8.83096134842128,0.9078989929786765,WS
3,10.425147314847214,154.68329511586992,33.07102892541924,24.0,21.669,16.899,7.170289595355934,8.722973191706654,23.623539265791766,2145.467339838266,194.02841537067158,81,9,10.425147314847216,8.851262390943358,0.990023985838683,WS
4,7.7849154390230915,95.4446782397167,34.72858857757396,24.0,37.811,21.189,3.1554234668122763,5.688507977880506,17.501547919866663,3024.57586464915,213.3525989954176,16,4,7.7849154390230915,7.326210821315069,0.9825270262028463,WS
1,6.664451006072791,234.53463332010142,47.72711981986288,24.0,40.957,22.056,2.588043686177745,4.9690807336128415,14.553964048837003,78819632.18359928,9201.510349406812,16,4,6.664451006072791,7.822512848322365,0.9798569707280687,WS
2,9.274367688190745,73.34697987298897,29.454298174855847,24.0,31.776,18.027,5.048006666981539,7.203863606187125,21.028162115995432,2722.608994398234,204.36596095337205,81,9,9.274367688190745,8.690894168751948,0.9854094184793196,WS
6,8.646152332388823,76.42194543782233,30.93625758181561,24.0,46.311,21.82,3.898794193649889,6.413442190047965,20.166724443809468,553.7634056056608,144.25379637709443,16,4,8.646152332388823,8.645159428062751,0.9786224063540799,WS
6,20.478878777533822,37.891814535515664,25.857479570305166,28.0,35.276,19.659,1.8819560386787069,3.620361395617789,27.630726333908914,82.92243618063677,50.74756728843899,0,0,3.636350839469431,2.878885019633597,0.922658340433285,WS
2,12.179849076610756,398.94452599417906,62.84655776453077,28.0,30.483,21.171,2.9149929392547755,3.8505940820266433,13.269365254150276,579396.3145387084,943.0945416301263,9,3,2.9682593390248178,2.67360389764928,0.9766954799079349,WS
1,8.619202907496001,438.6166216621908,78.22752935858618,28.0,38.83,24.255,1.00149181048551,2.2805009950571016,9.944208113227983,12841.78005210559,358.8839924134552,16,4,1.973156861533039,2.261043875881586,0.9686581902438532,WS
3,12.914289585335325,104.8534324503186,41.709176230342955,28.0,38.112,21.437,3.594830602998666,4.798183523349609,12.988044382154786,801974.9011865137,1056.8830173719516,25,5,3.484746409719344,2.5330522932857606,0.9873353153865668,WS
5,10.848754855412862,173.22690964702963,52.61226873720148,28.0,43.402,23.508,1.965953539414782,3.510051930687057,11.517755490154991,1122.6103126256103,152.8101129547299,1,1,2.1106348415682827,1.478401849473572,0.9781369234735624,WS
4,12.625515704660373,158.66829072469494,47.110764356624856,28.0,47.697,24.925,3.9409110538917553,5.060367103416859,14.133375473391073,718.8621719301829,131.6666599102732,1,1,3.481300622179014,2.693679747800416,0.979984338820645,WS
6,15.204587941940343,20.29088495840743,16.688006914824307,24.0,55.402,20.358,4.051059769076659,4.882915462137514,19.54855074207225,49.81787769757006,33.01748632819901,1,1,3.4823021554461278,1.83833149854389,0.9447783273183552,WS
2,10.425147314847214,154.68329511586992,33.07102892541924,24.0,21.669,16.899,3.481608940237818,4.30734153044677,11.39321228414955,1227.2461885887014,108.31033438052704,9,3,1.7820188011427631,1.9056142442896384,0.990023985838683,WS
3,7.7849154390230915,95.4446782397167,34.72858857757396,24.0,37.811,21.189,2.1903952713215933,3.37853886688967,7.560896719874157,617.5580357185621,104.24199762979185,36,6,1.3657716048436714,1.6730452850678812,0.9825270262028463,WS
1,6.664451006072791,234.53463332010142,47.72711981986288,24.0,40.957,22.056,1.676905457276194,2.952272379371994,5.992652200351925,2158.105481304765,172.79047588015112,9,3,1.006446438167401,1.5700012993715606,0.9798569707280687,WS
5,9.274367688190745,73.34697987298897,29.454298174855847,24.0,31.776,18.027,2.804638986412878,4.012334032900917,10.079395183601818,723.3460449239878,92.90202699393882,9,3,1.3542970635689369,1.9220578207632801,0.9854094184793196,WS
4,8.646152332388823,76.42194543782233,30.93625758181561,24.0,46.311,21.82,2.9923488520416077,4.078076616022584,7.99052538473701,1625.509062304361,117.74300953417286,36,6,1.4904624091525314,1.752211491370583,0.9786224063540799,WS
6,14.127849140071026,26.187406009912813,18.534863605835124,24.0,32.36,16.838,1.927842300289757,3.3942563463833855,18.138807141696795,56.977558269088284,35.422346530327836,0,0,7.032964084935485,2.088012972059341,0.936500649436234,WS
1,10.425147314847214,154.68329511586992,33.07102892541924,24.0,21.669,16.899,3.0583641995541373,3.8743135599966854,11.159460846032156,1613.6221032773908,127.38440802458797,16,4,5.35987578491109,1.7072231311375141,0.990023985838683,WS
2,7.7849154390230915,95.4446782397167,34.72858857757396,24.0,37.811,21.189,1.9749556395803958,3.036205777752475,8.187305115418512,2326.931558302024,128.38427600691932,4,2,3.3233387689292755,2.0127317388027812,0.9825270262028463,WS
3,6.664451006072791,234.53463332010142,47.72711981986288,24.0,40.957,22.056,2.27050801373584,3.3851922668963375,7.12005531852495,1175.2097775479524,129.0026282957655,4,2,1.9572060750444469,2.0183420231757587,0.9798569707280687,WS
5,9.274367688190745,73.34697987298897,29.454298174855847,24.0,31.776,18.027,1.8864514725744117,3.2231854957836843,11.042453914024142,295.85891034537576,69.52542245204901,0,0,3.6636963256120616,1.810554173995652,0.9854094184793196,WS
4,8.646152332388823,76.42194543782233,30.93625758181561,24.0,46.311,21.82,1.5804566310294745,2.83381904287501,11.688383175126196,219.28356802367338,62.87028858877235,1,1,3.2358135788070195,2.1174392789037517,0.9786224063540799,WS
6,24.442722334063745,66.97183504367503,39.56874951483419,32.0,41.084,22.363,1.4940521717191395,3.4552907961262873,35.16785038854293,144.34725752371133,77.85777221399205,0,0,5.966496281741708,3.5430872086500926,0.9317244723158642,WS
1,16.025741909252865,444.71715542540034,79.1251111043656,32.0,43.421,26.283,2.6903486790219477,4.1482454494791865,18.4847818334585,2742.2891410950824,233.8722073201396,4,2,3.753433123292502,3.218369542262571,0.9721120094014111,WS
5,14.046420868114906,286.09152819118515,72.66673862678783,32.0,43.773,26.407,2.5888756936323403,4.17482153994571,17.44634060164618,124988.62245599196,516.5294616064282,25,5,2.8133136990231913,3.8832105909342802,0.9844108015693629,WS
4,17.074752542323623,124.28978246293133,53.697688767787966,32.0,39.825,24.133,3.3927119706606774,4.871732954665668,21.72128176623952,1918.5496200809382,177.57289997087457,16,4,3.4661945428477017,3.386544497606335,0.9937202755146177,WS
3,15.0812184920564,165.22718798783222,62.14775640291821,32.0,55.718,28.348,2.4467689707870983,4.078637255191479,19.10383248020717,1088.2138379962396,172.97700257343044,16,4,4.368045623823852,3.542262102492773,0.9806170437732545,WS
2,14.865055909767925,399.07877121363884,79.48461418927428,32.0,34.898,24.475,2.333540219405078,3.646390067743142,18.770316906320875,1690.9521878433502,216.29729133674536,16,4,4.30110514824012,3.753617140874639,0.9882454325951826,WS
6,30.931653589767695,33.19285010436401,28.721049711754077,32.0,42.606,24.02,12.049869154683204,13.482548226134663,85.49812589007637,224.9427600817653,127.70734406628003,9,3,13.767735719378667,15.877313739232118,0.9377243823461292,WS
1,16.025741909252865,444.71715542540034,79.1251111043656,32.0,43.421,26.283,8.102916503171253,10.097552734468579,33.53802425135858,3538470.8520276938,2540.937980552064,841,29,5.017121691577512,13.624751120984403,0.9721120094014111,WS
3,14.046420868114906,286.09152819118515,72.66673862678783,32.0,43.773,26.407,5.138431747634703,8.399331121025448,32.33981144229498,78819884.98744768,9371.682943595864,625,25,6.249308539998042,15.103479554707366,0.9844108015693629,WS
5,17.074752542323623,124.28978246293133,53.697688767787966,32.0,39.825,24.133,6.9455665944574045,10.114433988618796,40.92119065352602,8439.210017895419,399.2572508135948,676,26,7.653707928775114,15.732315501876569,0.9937202755146177,WS
4,15.0812184920564,165.22718798783222,62.14775640291821,32.0,55.718,28.348,4.943906089555649,8.18748738643392,37.78496001919903,104932.08680293198,744.0746440430869,81,9,7.337332770898438,15.55472700176042,0.9806170437732545,WS
2,14.865055909767925,399.07877121363884,79.48461418927428,32.0,34.898,24.475,5.1391995247399755,8.239994989929732,33.229145624633965,36352.88905407633,750.8744144507826,324,18,7.593965368270876,14.156375895276264,0.9882454325951826,WS
6,16.718062270170094,15.502458231986193,14.678982537204671,24.0,35.668,18.25,12.078575184465386,11.744671676322536,41.825718094046785,84.50107919828983,60.59716020255845,9,3,16.718062270170094,8.830961348415226,0.9391547176853401,WS
4,10.425147314847214,154.68329511586992,33.07102892541924,24.0,21.669,16.899,7.078775874071805,8.763085981315536,23.548933860583695,2842.3082044562825,218.55487594070155,144,12,10.425147314847216,8.791067606893364,0.990023985838683,WS
3,7.7849154390230915,95.4446782397167,34.72858857757396,24.0,37.811,21.189,3.5608197837363735,6.020286350939978,17.041752480111427,2733.1614623587457,213.91892422653487,49,7,7.7849154390230915,7.560493817387051,0.9825270262028463,WS
1,6.664451006072791,234.53463332010142,47.72711981986288,24.0,40.957,22.056,3.0428320577997243,5.420150632329625,13.650060048672211,78820135.25608745,9227.615696456924,25,5,6.664451006072791,7.576022949821616,0.9798569707280687,WS
2,9.274367688190745,73.34697987298897,29.454298174855847,24.0,31.776,18.027,5.1308193660085974,7.319633119502742,20.360539168336892,2830.4094988702227,214.0094324289993,100,10,9.274367688190745,8.068581996380605,0.9854094184793196,WS
5,8.646152332388823,76.42194543782233,30.93625758181561,24.0,46.311,21.82,4.07168905373698,6.566345165854617,19.83039746218056,619.9111426520216,150.2039290373648,36,6,8.646152332388823,8.17337847643819,0.9786224063540799,WS
5,17.381819878478026,14.341083556844394,14.118437881362656,24.0,36.756,18.678,13.056727081648456,12.210970685187725,43.48632678234092,78.1706473927087,58.283144247062374,9,3,17.381819878478026,8.830961399972976,0.9345497454949194,WS
2,10.425147314847214,154.68329511586992,33.07102892541924,24.0,21.669,16.899,6.31252682603094,8.234946016874792,23.898470872910764,2931.8657554095826,224.39478718618156,81,9,10.425147314847216,8.852547305384743,0.990023985838683,WS
3,7.7849154390230915,95.4446782397167,34.72858857757396,24.0,37.811,21.189,3.708757336927066,6.030659314982058,16.738157986372787,3283.1114932772666,232.1234327236207,36,6,7.7849154390230915,6.758071590809119,0.9825270262028463,WS
1,6.664451006072791,234.53463332010142,47.72711981986288,24.0,40.957,22.056,2.9035570931145824,5.250730107025872,14.24893715283548,78820076.04924397,9221.314439168547,25,5,6.664451006072791,7.927556866900244,0.9798569707280687,WS
4,9.274367688190745,73.34697987298897,29.454298174855847,24.0,31.776,18.027,4.544571024786075,6.860694152966796,21.686789902607654,1927.4522326118934,178.90967056699455,36,6,9.274367688190745,8.748356741825228,0.9854094184793196,WS
6,8.646152332388823,76.42194543782233,30.93625758181561,24.0,46.311,21.82,3.6384814034176194,6.166064526735573,20.4750831876162,487.9439824234603,137.28325601113866,9,3,8.646152332388823,8.285204232573586,0.9786224063540799,WS
6,35.34590893789573,163.44671433726327,75.71016440190294,40.0,37.393,25.084,1.0286498406719862,3.2034167106651648,53.87320124193379,369.50318930193924,154.8563617558342,0,0,8.525890188171552,5.677067356737389,0.9405081266903651,WS
3,22.936408989120082,760.6646631017807,136.1500533336798,40.0,50.083,32.393,2.657581211924493,4.762272272609389,26.92350968736301,718636.3185962049,1275.3829458478144,16,4,6.342670995577551,5.110324890161688,0.9762054536919329,WS
4,26.965521613515023,235.57422500737567,91.43029432441479,40.0,63.906,33.353,5.2900736998270705,6.913404930659348,31.346102327181402,801450.4798904149,1184.9069954024608,256,16,6.3506923327751785,6.195804357833663,0.9915294762768663,WS
5,25.004356433620956,290.80623581912596,101.16416147093051,40.0,63.767,34.453,3.3183695155069475,5.310642700260599,32.48877568444256,2055.771470236273,294.8044942433936,4,2,6.058779626015994,5.469161844712592,0.9779127842244579,WS
1,23.399644760746696,1401.9694515441465,161.00034125878895,40.0,53.901,32.861,3.7626492637423428,5.38546653673114,25.897942849380993,15045.804671606344,667.9323392752245,64,8,7.380049715951223,5.259141036612981,0.9897189494281853,WS
2,27.22230160291079,1266.3866328104814,138.21313381934485,40.0,51.595,33.366,3.791817871522749,5.304678639020506,32.2454269365879,94752.96319837589,838.6934828538598,4,2,8.250706689339905,5.562697640985899,0.9679415543267316,WS
5,7.291510947682438,5.30135447576887,5.440433567896946,16.0,31.53,13.399,3.41812819071422,3.6975302467531,7.849082634719368,9.674741632759295,8.639382806085715,0,0,7.291510947682438,0.914234789582298,0.8975237569364534,WS
3,3.4447536235323533,31.602618944740943,12.420749495326268,16.0,30.002,14.469,1.233755465317901,2.0590763844745115,3.461227719198162,76.19498156594113,22.669893583041397,0,0,3.4447536235323533,0.9362593932659227,0.9879602496664628,WS
1,2.6620498068836715,141.45579445166894,22.334727724665953,16.0,8.426,9.444,0.5653002290897261,1.3010483974045788,2.615096875169167,1118.8738047337285,59.30016846697682,0,0,2.6620498068836715,0.3859819387519952,0.9953251562108006,WS
2,2.9285851269903693,42.4387365550677,14.680515065962826,16.0,34.995,16.839,1.4029338329082415,2.1856822613456606,2.2616572511420325,687.7604329870566,49.220190025495846,1,1,2.9285851269903693,0.7794527176981085,0.9749751373148879,WS
4,2.676123002834649,73.1430697152416,17.6485947127153,16.0,11.643,11.081,0.8906256121040663,1.827309288948736,2.2005263238805823,200.95320887483635,36.283766169964956,0,0,2.676123002834649,0.5951907402517924,0.9907153675821774,WS
6,3.4393621003407007,24.05048085953393,11.507865963554197,16.0,32.131,15.325,1.400041674346694,2.2622158252787354,3.2531451918854457,59.83630381807377,21.077882799168382,0,0,3.4393621003407007,0.6936533950801766,0.9893607442732812,WS
6,30.66900385856891,14.000000012941284,16.13335410419406,28.0,80.021,30.551,22.38643582867264,17.020013094331777,83.47354570006951,100.24996360149413,72.67775873293972,49,7,10.97968202385766,12.000000008215444,1.0,WS
1,12.179849076610756,398.94452599417906,62.84655776453077,28.0,30.483,21.171,6.349868497345893,8.633063199024013,25.473587984053,583426.9960308834,1198.2476545234117,441,21,5.833529708519018,11.574944255963738,0.9766954799079349,WS
2,8.619202907496001,438.6166216621908,78.22752935858618,28.0,38.83,24.255,3.1767372261497893,5.522910550163869,17.669839899555747,117000.19219609193,1045.8594804940114,100,10,3.849585206741643,7.735362451656131,0.9686581902438532,WS
4,12.914289585335325,104.8534324503186,41.709176230342955,28.0,38.112,21.437,6.562513095777173,9.132498624508647,28.91932346221522,802782.6306379657,1173.7676837809595,256,16,6.211502992939701,11.22422063283262,0.9873353153865668,WS
5,10.848754855412862,173.22690964702963,52.61226873720148,28.0,43.402,23.508,3.755657192879442,6.533653481426589,26.40796672870943,103042.48371324151,599.0550708725913,64,8,5.158691164647182,11.60408343927764,0.9781369234735624,WS
3,12.625515704660373,158.66829072469494,47.110764356624856,28.0,47.697,24.925,7.206697112736473,9.460095285987661,26.50369140374641,90511.33263548772,648.9597217101199,324,18,5.573554246818347,12.034788497889535,0.979984338820645,WS
6,31.030787769536435,33.869085500489696,28.929475187859342,32.0,41.544,23.841,10.868561487916189,12.479630777489664,76.2497566609424,195.21409605437356,122.94001792002881,16,4,12.175021463078643,13.778389246497229,0.9308271359118803,BA
3,16.025741909252865,444.71715542540034,79.1251111043656,32.0,43.421,26.283,5.547612441285212,7.897278103675198,36.08351397792503,4104493.716703923,3056.9993090170055,121,11,5.590634933874041,12.406287445771246,0.9721120094014111,BA
2,14.046420868114906,286.09152819118515,72.66673862678783,32.0,43.773,26.407,4.1460000036161055,7.295847764092166,31.15453529544443,16624.79137261783,543.6755120881292,225,15,6.11548510317535,13.799697051341308,0.9844108015693629,BA
5,17.074752542323623,124.28978246293133,53.697688767787966,32.0,39.825,24.133,5.695383917226224,8.677448357126796,41.11314107384302,8184.974322278905,361.3826684955334,144,12,6.765629913595426,13.70209125188461,0.9937202755146177,BA
4,15.0812184920564,165.22718798783222,62.14775640291821,32.0,55.718,28.348,6.079888930141074,8.912060262801958,33.16358294401221,87974.11341840228,654.8599937631121,256,16,6.951905094024717,13.635594798492686,0.9806170437732545,BA
1,14.865055909767925,399.07877121363884,79.48461418927428,32.0,34.898,24.475,5.857240840383815,8.38308718738195,29.65123765873796,30257.50512254403,718.094653103271,169,13,6.76553876817065,11.894772831104468,0.9882454325951826,BA
6,33.082273407850124,30.551950038455,27.38549084202969,32.0,56.643,27.215,10.902412583864262,12.511835514814907,83.9352140738385,163.09316239863077,111.94522453470609,4,2,15.187024627991697,13.781908438161922,0.9199783859337041,BA
1,16.025741909252865,444.71715542540034,79.1251111043656,32.0,43.421,26.283,6.3681323078629815,8.767439110636465,32.132912204936865,3537905.1562745236,2490.3680844290284,576,24,5.017121691577512,12.664441651227571,0.9721120094014111,BA
3,14.046420868114906,286.09152819118515,72.66673862678783,32.0,43.773,26.407,4.265611918000168,7.527971874155046,31.89410839966492,78821038.19046538,9336.448207525234,225,15,6.249308539998042,13.922049932685216,0.9844108015693629,BA
4,17.074752542323623,124.28978246293133,53.697688767787966,32.0,39.825,24.133,5.770544179845682,8.747672109342798,40.23975573667044,9024.82920606021,390.3643509811667,121,11,7.653707928775114,13.178524240249125,0.9937202755146177,BA
5,15.0812184920564,165.22718798783222,62.14775640291821,32.0,55.718,28.348,4.902621345730519,7.88377332859955,35.566959536227266,2943.2179260753533,334.625490541111,64,8,7.337332770898438,13.816817114904955,0.9806170437732545,BA
2,14.865055909767925,399.07877121363884,79.48461418927428,32.0,34.898,24.475,6.155551539631174,8.676284816197917,28.504029195773796,28899.316251467226,702.9491170706584,400,20,7.593965368270876,11.062411091390537,0.9882454325951826,BA
6,46.01141959597746,71.85155107953506,52.0329224132403,40.0,48.349,28.924,15.975332600300167,19.25181691860551,146.00333148539036,1860.1151607711074,375.9775359939619,676,26,22.17518478550908,38.80560148695444,0.9265950771157626,BA
3,22.936408989120082,760.6646631017807,136.1500533336798,40.0,50.083,32.393,6.5090517614883465,11.427063034117513,65.76516481402265,800879.0654153484,2375.3198387402454,1681,41,11.784805954870246,35.39245437737967,0.9762054536919329,BA
5,26.965521613515023,235.57422500737567,91.43029432441479,40.0,63.906,33.353,10.066678474840884,15.024492153578015,84.7824862760529,805314.0183866594,1592.9284202898325,2401,49,13.223900855633255,38.78032019056192,0.9915294762768663,BA
4,25.004356433620956,290.80623581912596,101.16416147093051,40.0,63.767,34.453,7.209910496370434,12.365537549445817,77.23710802827753,110989.0113101414,1245.8730677980968,900,30,12.118578962859186,37.62130653873776,0.9779127842244579,BA
1,23.399644760746696,1401.9694515441465,161.00034125878895,40.0,53.901,32.861,9.985476875006826,13.985316355822935,64.49510832328565,479037.74036559113,2716.76963567257,1024,32,11.299237653380136,31.408426534040476,0.9897189494281853,BA
2,27.22230160291079,1266.3866328104814,138.21313381934485,40.0,51.595,33.366,11.656756647274504,15.452281431533128,78.96187787145826,1317659.6139943108,3140.6870366853755,1936,44,13.645451023332477,35.092107446531564,0.9679415543267316,BA
6,51.78758387788791,55.32064707427744,46.015825955842956,40.0,73.149,34.223,9.363949854436477,12.010512235559224,111.97282678120627,335.6092774073514,179.32044629293497,25,5,13.886152956315858,15.84092577804177,0.9147796081455177,BA
3,22.936408989120082,760.6646631017807,136.1500533336798,40.0,50.083,32.393,4.424817559508433,7.7449062387119385,41.27032299722108,16371.133513843797,830.5022792973998,36,6,6.342670995577551,12.518056228772512,0.9762054536919329,BA
5,26.965521613515023,235.57422500737567,91.43029432441479,40.0,63.906,33.353,5.003824692169033,8.229104205687953,59.392660013862994,802631.3676976116,1295.8164342256086,121,11,6.3506923327751785,15.523220079329356,0.9915294762768663,BA
4,25.004356433620956,290.80623581912596,101.16416147093051,40.0,63.767,34.453,6.5194609626450735,9.469074143296908,48.68025306738039,27747.177903103846,741.241767402059,324,18,6.058779626015994,15.598091072724442,0.9779127842244579,BA
1,23.399644760746696,1401.9694515441465,161.00034125878895,40.0,53.901,32.861,5.301278828487668,7.839430605392451,43.184166266952204,181445.84471042058,1493.527071495805,225,15,7.380049715951223,13.061929524487176,0.9897189494281853,BA
2,27.22230160291079,1266.3866328104814,138.21313381934485,40.0,51.595,33.366,7.017375579618758,9.133613040850337,55.45673584263206,1014590.1570205614,2013.1948435550025,64,8,8.250706689339905,11.470957007558303,0.9679415543267316,BA
6,86.2540378500997,337.3722848950563,164.1979345127857,60.0,45.45,36.449,1.8838545853814543,5.12709243220528,121.07057234615448,804.1016228338191,342.5971711737979,0,0,19.679126283635,11.95917833903735,0.943991217571253,BA
3,59.0872723715144,808.9884070251933,243.28572092067583,60.0,95.016,51.14,5.441305785449268,8.046545502446554,69.07304611416333,247347.75366758648,1648.2301071353263,144,12,13.12332243015246,11.466301630637503,0.981145265937566,BA
5,56.929411768430505,833.1788688623825,252.73804863640765,60.0,87.421,50.077,5.9072870613449755,8.407768022625586,67.32123749210538,32724.7109696722,1104.635673558001,256,16,13.471582087679227,11.624910747358141,0.9806245435865948,BA
2,59.65664931860241,3153.4632184003744,341.3216927697066,60.0,81.843,50.604,6.590185938362681,8.64885188325277,61.35528840773658,48528.76867935323,1524.5652543166825,289,17,14.878271434467933,10.43696913577515,0.9764235506512684,BA
1,47.83705323430457,3784.3977170580856,366.96244603936657,60.0,39.268,39.193,2.9722970235301016,5.58314287133338,53.637362796988384,276928.75528302987,1934.8246593213905,49,7,11.777402225358061,8.757077414653763,0.9810231786247335,BA
4,53.88782409867138,1388.3735072346385,288.0266687540405,60.0,53.348,41.806,3.5873057587491566,6.7036832326226,64.93914960717582,12142.955994444917,879.832048882595,121,11,12.826255416257483,10.687430824914648,0.9904719174285377,BA
6,28.26167578674582,46.39364348216431,33.0951552461168,32.0,59.236,26.07,1.810022662388191,3.557247582165286,33.927592708864196,93.48576640340525,59.26780432768083,0,0,3.269895820961197,2.898809277762841,0.9097199722697814,BA
1,16.025741909252865,444.71715542540034,79.1251111043656,32.0,43.421,26.283,2.5273797522072656,3.989441623604531,14.784799448408815,3481.3904496799146,259.9713604231492,16,4,2.162222080685627,1.7577455564872981,0.9721120094014111,BA
2,14.046420868114906,286.09152819118515,72.66673862678783,32.0,43.773,26.407,2.311335946230624,3.623225678883352,14.177631782429012,126881.27505844411,534.2683488110305,36,6,1.4012000801063074,2.9406531290433646,0.9844108015693629,BA
3,17.074752542323623,124.28978246293133,53.697688767787966,32.0,39.825,24.133,3.182351792861023,4.3700727413860925,18.823205597711866,1893.2539432160142,165.21911875348508,4,2,1.9091613739821618,2.6066888930613556,0.9937202755146177,BA
5,15.0812184920564,165.22718798783222,62.14775640291821,32.0,55.718,28.348,2.277712080822767,3.818614715222469,16.718220327790448,847.154356836577,142.83200706741673,1,1,2.352260068519164,2.797762596161041,0.9806170437732545,BA
4,14.865055909767925,399.07877121363884,79.48461418927428,32.0,34.898,24.475,2.5047481741351216,3.776730238289527,14.341241898657442,2180.010496705425,219.39315539438044,4,2,2.4436756223042364,1.9895870950512358,0.9882454325951826,BA
6,15.670885974080749,18.72594671082952,15.976844915831434,24.0,35.703,18.017,5.060094588179031,6.277017152245931,24.72094885190429,68.2383769811209,44.88360630092721,1,1,15.670885974080749,3.810104079624945,0.9311669248838835,BA
5,10.425147314847214,154.68329511586992,33.07102892541924,24.0,21.669,16.899,5.320299343854272,6.174202518414544,16.196536642212344,1189.5023438393187,120.19401530970646,25,5,10.425147314847216,3.785101506773806,0.990023985838683,BA
4,7.7849154390230915,95.4446782397167,34.72858857757396,24.0,37.811,21.189,3.5045941587283553,4.972244966068288,9.584878074925639,1252.8052212173006,152.88539745333134,36,6,7.7849154390230915,2.778197370706761,0.9825270262028463,BA
3,6.664451006072791,234.53463332010142,47.72711981986288,24.0,40.957,22.056,1.714385836144198,3.3043398255542202,8.635966316888501,78811911.53314194,9058.87220105832,1,1,6.664451006072791,1.91958557733383,0.9798569707280687,BA
1,9.274367688190745,73.34697987298897,29.454298174855847,24.0,31.776,18.027,4.118824054169091,5.390715153054213,13.656195532414436,2690.250312428385,169.98205441216507,1,1,9.274367688190745,3.44130777604484,0.9854094184793196,BA
2,8.646152332388823,76.42194543782233,30.93625758181561,24.0,46.311,21.82,3.2868179017253487,4.8184707327324,11.811694387138848,1677.8985744374613,137.0719142399655,36,6,8.646152332388823,3.463994731587338,0.9786224063540799,BA
6,8.196158270415953,3.999994292244815,4.732047431394612,16.0,37.143,15.04,3.0000042808246485,3.00000214041156,6.00000428082312,5.999991438362937,5.99999571917994,0,0,8.196158270415953,0.49999999999999983,0.8421052731127295,BA
1,3.66825556858879,36.15371649317018,12.84547614687659,16.0,22.446,13.55,1.8461884019028072,2.1796318809513453,1.7651982435111773,8632.668110622355,119.99079805504768,0,0,3.66825556858879,0.07386505188301387,0.9872807932239264,BA
4,3.0972831995818595,48.73128184182419,15.006698084908328,16.0,12.452,10.924,0.5662433470478994,1.1472569733906086,2.213251738818333,86.97676244173547,20.923470950043388,0,0,3.0972831995818595,0.35512072003955397,0.9784007330682826,BA
5,4.464839215795524,15.61117308003459,9.118801877985648,16.0,28.431,14.224,0.9861042092767769,1.661058781132429,3.2796928406145227,24.138281007005933,11.708075016059066,0,0,4.464839215795524,0.4141495775063562,0.9573884858255213,BA
2,2.9603149215916176,174.03870519149734,24.44708163630466,16.0,31.596,16.849,0.8249204625656844,1.211359479130381,2.062521829671782,1225.2424155721928,59.597269757278625,0,0,2.9603149215916176,0.34103190898188684,0.9726192506677331,BA
3,2.4247174406476377,380.86006044901956,30.116544796895955,16.0,10.572,10.679,0.31409404432011556,0.8406922358154673,1.6813844716309345,734.29910372659,47.83138726919107,0,0,2.4247174406476377,0.5,0.973910919959924,BA
6,28.803213167791593,38.95687079531921,31.173361538340927,32.0,37.909,22.482,3.067300307600165,4.631932095468355,31.811944565469176,90.31754050279962,59.9612897515309,0,0,15.353968836804476,2.7762654103098896,0.9314652853608175,BA
4,12.76605368851488,871.5313970135333,93.26148204727572,32.0,21.163,21.023,1.1940816632190636,2.832711210415537,12.35775115161061,2700.7747744716594,226.4249111831219,1,1,7.2576481823321854,2.8900476435956124,0.98711877690631,BA
2,11.59029200305876,632.6171101191642,98.83388283089583,32.0,22.958,21.357,1.7676129387594985,3.2078442808038434,12.016446147154339,4730.583098482654,282.6237878794831,4,2,6.87621896001454,2.7211394621163345,0.9884598531107119,BA
3,16.755630798412238,239.37536472323586,65.32058482918043,32.0,39.454,25.038,2.487539464718253,3.742008050234242,17.632035591124335,1631.6024717910927,176.4063704941333,0,0,9.662728609220595,2.7429785094522905,0.9872242583341502,BA
1,15.316224089523248,617.2688587920519,84.82429153925013,32.0,24.374,22.209,4.174273825574288,5.080626803502988,14.556235558940674,2249.9675065932493,215.71299960938174,16,4,9.40969730482585,2.1563354854554504,0.9796850099718531,BA
5,18.939645328538006,317.42221429472175,62.379038144400596,32.0,68.504,30.069,3.7587664141068693,4.686434896326089,20.743794648017218,1462.4495881824184,167.30091337349816,0,0,9.76437255057143,3.0,0.9766252159214492,BA
6,21.193683677780857,29.99885133016906,23.624141836032,28.0,36.698,20.116,6.829917879387446,8.885838498654444,45.09737718266436,199.2075636416319,93.74492349484193,9,3,9.217007344389,8.88705120125659,0.9316322024034561,BA
2,9.994381947851759,1629.3812588028097,92.24713214613404,28.0,16.945,18.126,3.0010153092928658,5.566451011257922,20.26356484527663,40866.57394427522,549.1692313454396,4,2,9.994381947851757,8.38754356300061,0.9837695239641707,BA
1,10.48784929447535,1275.0203902485048,79.10450434901716,28.0,33.613,19.751,3.907948890054777,6.441364962310335,18.972095952834344,24442.45781391155,564.9010484837124,64,8,10.48784929447535,8.601398401285214,0.9680417758037341,BA
3,10.679424761147494,176.2699844328674,52.37600337694121,28.0,17.397,18.111,4.191971171915711,6.583894516973991,20.63525632361265,1207395.448398469,1388.9390447269031,36,6,10.679424761147496,7.327629765238171,0.9737171987050275,BA
5,10.012179282424878,199.87144758990405,56.99604803140242,28.0,41.943,22.234,3.7024529946988847,6.07025545845144,19.558372188309008,1432.8644027005498,243.83855306263962,9,3,10.012179282424878,7.546027974582885,0.9755084922066299,BA
4,12.105377420834705,185.73317728331193,51.550020902522306,28.0,47.868,25.563,4.909771594281304,6.850523912079495,22.751844480386296,4321.18028692894,324.738066368891,64,8,12.105377420834703,8.901855402336663,0.9680610124231342,BA
6,25.350468114971843,19.84507474698858,19.45515823901973,28.0,64.808,25.615,6.713206195868177,8.186588929702491,49.11882921745972,64.79688383449012,55.17595183509374,0,0,6.069388326095643,6.073312612397551,0.9338754883463746,BA
2,9.874279571532458,2512.9727773267236,98.55252266821111,28.0,15.84,17.209,2.693898393704636,4.871161691937379,17.038227829298595,24343.719402633473,470.0090766109387,1,1,2.6723535136304934,6.027729102935044,0.9791136420716078,BA
1,10.61821743236035,577.5383804572119,66.03088653959303,28.0,38.1,22.966,3.0319456231299218,5.2160027371723725,17.48978442681149,4680.468720547767,286.5671605645956,81,9,2.1067793668620256,6.100871115229219,0.9920803294030142,BA
3,9.000411595559461,486.44339550237197,70.23188338748996,28.0,35.791,21.811,1.7311310531030937,3.7738480855444423,15.875464560826078,2342.393837578747,248.46467951690965,4,2,2.270397489830111,6.103756198445501,0.9854839221984741,BA
5,11.459100826457327,141.63004732041622,47.91433595290791,28.0,37.221,23.038,2.930280363090835,4.819032935476402,19.32385378750908,1239.636923367922,184.98377685661356,16,4,3.238112086188564,5.600055915903698,0.9760879526071173,BA
4,10.716143383425196,128.19109123596346,47.87986663826636,28.0,34.449,21.756,2.816168273162715,4.920137347652653,17.164382402309798,1671.044655106701,201.58431363901923,121,11,2.6861797805158396,6.06019383942649,0.98432040094701,BA
6,38.20705218941083,109.46182359716964,63.87703249473591,40.0,38.046,25.445,11.422031448329836,16.409797210805845,122.27942276533304,2951.901363257916,473.1787895452681,529,23,18.47556181199962,38.75648807326762,0.9369952027746346,BA
2,22.936408989120082,760.6646631017807,136.1500533336798,40.0,50.083,32.393,7.768611129519657,12.476392791599123,66.16804382615862,801025.7657643501,2394.584473004235,1600,40,11.784805954870246,34.332928015227075,0.9762054536919329,BA
5,26.965521613515023,235.57422500737567,91.43029432441479,40.0,63.906,33.353,9.393921541521486,14.188885771540834,85.77689242380136,5103.526207988134,674.1937062967922,2704,52,13.223900855633255,38.67275283091425,0.9915294762768663,BA
4,25.004356433620956,290.80623581912596,101.16416147093051,40.0,63.767,34.453,8.172778714271825,13.13237231174322,78.64907409775263,27206.21934757193,966.2465934277926,900,30,12.118578962859186,38.44580013769891,0.9779127842244579,BA
1,23.399644760746696,1401.9694515441465,161.00034125878895,40.0,53.901,32.861,9.305436210715484,13.609291673847311,64.51651882100039,76488.37569022676,2029.3858859360616,1521,39,7.27021868156063,31.80422476064691,0.9897189494281853,BA
3,27.22230160291079,1266.3866328104814,138.21313381934485,40.0,51.595,33.366,11.109832988350188,15.350244747957603,81.76839056334764,1148715.9180649798,3129.870025522409,1296,36,13.645451023332477,35.78387483067161,0.9679415543267316,BA
5,18.41966656878373,13.725929700498298,13.660870774416413,24.0,42.195,20.157,7.612149577461811,8.188773726490815,33.88452018228876,52.43797504817468,41.777283090103516,1,1,7.836129742630707,4.970894822419042,0.9122699934262128,BA
1,8.119731939299843,806.2847798690706,56.7630662211684,24.0,28.865,18.223,2.9568223976745838,4.728958520121583,12.596705422750201,6147.164927912398,273.6861014065747,1,1,3.733377098917509,4.159651048558298,0.9671319524218484,BA
6,7.12509805005735,103.97947483678514,36.50345297998673,24.0,25.999,18.382,2.4268456688625606,4.419898373866416,13.033944185546012,318911.85007764533,679.3168622978621,0,0,2.975698983578969,4.691148274309996,0.9824766765368218,BA
2,8.004748168980655,80.99892611319777,32.43673293497988,24.0,14.946,15.233,3.462447089280262,5.176038427941578,12.827744290778298,2878.6058414994573,196.97494183701974,16,4,2.7886421920287034,3.5829783419213914,0.9873983052069334,BA
4,8.088694434201333,85.92863428589543,32.9643739741531,24.0,65.548,25.769,2.787267929742539,4.585987215506128,13.140250800489168,1043.575410133755,145.20091810013488,36,6,3.678264696182972,4.523597496138908,0.9823339674060294,BA
3,4.587789154155664,1083.2479106656983,82.00849652486073,24.0,35.579,20.148,0.7305927938350656,2.3983675476585926,7.675045458942416,27275.340655184675,437.698365914198,25,5,2.0424868420543945,4.839898166032474,0.9939866093564201,BA
6,43.41155616925938,83.72884891135156,55.97085739129489,40.0,50.301,28.729,5.070696204701796,8.845354330657395,97.96752978844577,453.6796459643326,206.09540263465988,4,2,11.591930936143044,15.841067979575023,0.9326994047042323,BA
3,22.936408989120082,760.6646631017807,136.1500533336798,40.0,50.083,32.393,5.4723558579580525,8.133024730635979,44.92025389774819,26998.88824684856,920.2433634852935,25,5,5.321584050381315,13.707644656949686,0.9762054536919329,BA
5,26.965521613515023,235.57422500737567,91.43029432441479,40.0,63.906,33.353,7.2558696686780735,9.93609008569343,55.251104033164694,2009.9700796313518,419.0484255258586,484,22,6.646576033273373,15.622908637375387,0.9915294762768663,BA
4,25.004356433620956,290.80623581912596,101.16416147093051,40.0,63.767,34.453,5.339175712406652,8.512861468668213,49.071126009211234,4012.954244536096,511.64131196629387,100,10,5.780468707692592,14.483087897154975,0.9779127842244579,BA
2,23.399644760746696,1401.9694515441465,161.00034125878895,40.0,53.901,32.861,4.092654601433262,6.73003545775608,49.390096660417036,35732.761992804124,1001.5290808508423,100,10,7.203477178816135,13.847769706209995,0.9897189494281853,BA
1,27.22230160291079,1266.3866328104814,138.21313381934485,40.0,51.595,33.366,8.913591901493188,10.802740292658914,51.019605147090736,1054968.2883218376,2012.3882258173155,196,14,7.79956595704555,15.54194908512945,0.9679415543267316,BA
6,97.76168526942926,243.91563090369456,141.387328825763,60.0,54.886,39.719,2.9262440831421688,6.386517873372125,133.53119815861896,609.0750798946854,302.27993776128983,0,0,28.77294830555156,11.93242843096105,0.9426666201413435,BA
5,59.0872723715144,808.9884070251933,243.28572092067583,60.0,95.016,51.14,5.156231014034501,7.838482541081805,69.54441893806964,48047.476433482036,1082.8692259919592,25,5,17.442808820937255,7.727609779658389,0.981145265937566,BA
4,56.929411768430505,833.1788688623825,252.73804863640765,60.0,87.421,50.077,5.06378526282734,7.489376128500003,67.26901560750903,145646.48897107906,1315.2338496086384,169,13,19.526437828675782,10.816957202467506,0.9806245435865948,BA
1,59.65664931860241,3153.4632184003744,341.3216927697066,60.0,81.843,50.604,7.149648460029262,9.08002430608858,61.41024768019904,58705.32194993617,1771.792467514693,625,25,19.956551394573456,11.244961876714935,0.9764235506512684,BA
2,47.83705323430457,3784.3977170580856,366.96244603936657,60.0,39.268,39.193,3.4579025201870044,6.28995976946306,54.714242449313666,255661.32544839766,1646.035017922418,196,14,15.535302964925542,10.69128039603179,0.9810231786247335,BA
3,53.88782409867138,1388.3735072346385,288.0266687540405,60.0,53.348,41.806,4.815200722796472,7.490255839407118,63.67808325334161,34170.83791581631,1178.328106152194,196,14,17.084838812260077,11.809390865713448,0.9904719174285377,BA
6,15.670885974080749,18.72594671082952,15.976844915831434,24.0,35.703,18.017,5.06009458817903,6.277017152245931,24.72094885190429,68.2383769811209,44.883606300927205,1,1,15.670885974080749,3.8101040796249386,0.9311669248838835,BA
4,10.425147314847214,154.68329511586992,33.07102892541924,24.0,21.669,16.899,5.320299343854272,6.174202518414544,16.196536642212344,1189.5023438393187,120.19401530970646,25,5,10.425147314847216,3.785101506773806,0.990023985838683,BA
5,7.7849154390230915,95.4446782397167,34.72858857757396,24.0,37.811,21.189,3.5045941587283553,4.972244966068288,9.584878074925639,1252.8052212173006,152.88539745333134,36,6,7.7849154390230915,2.778197370706761,0.9825270262028463,BA
3,6.664451006072791,234.53463332010142,47.72711981986288,24.0,40.957,22.056,1.714385836144198,3.3043398255542202,8.635966316888501,78811911.53314194,9058.87220105832,1,1,6.664451006072791,1.91958557733383,0.9798569707280687,BA
2,9.274367688190745,73.34697987298897,29.454298174855847,24.0,31.776,18.027,4.118824054169091,5.390715153054213,13.656195532414436,2690.250312428385,169.98205441216507,1,1,9.274367688190745,3.44130777604484,0.9854094184793196,BA
1,8.646152332388823,76.42194543782233,30.93625758181561,24.0,46.311,21.82,3.2868179017253487,4.8184707327324,11.811694387138848,1677.8985744374613,137.0719142399655,36,6,8.646152332388823,3.463994731587338,0.9786224063540799,BA
6,8.196158270415953,3.999994292244815,4.732047431394612,16.0,37.143,15.04,3.0000042808246485,3.00000214041156,6.00000428082312,5.999991438362937,5.99999571917994,0,0,8.196158270415953,0.49999999999999983,0.8421052731127295,BA
3,3.66825556858879,36.15371649317018,12.84547614687659,16.0,22.446,13.55,1.8461884019028072,2.1796318809513453,1.7651982435111773,8632.668110622355,119.99079805504768,0,0,3.66825556858879,0.07386505188301387,0.9872807932239264,BA
4,3.0972831995818595,48.73128184182419,15.006698084908328,16.0,12.452,10.924,0.5662433470478994,1.1472569733906086,2.213251738818333,86.97676244173547,20.923470950043388,0,0,3.0972831995818595,0.35512072003955397,0.9784007330682826,BA
5,4.464839215795524,15.61117308003459,9.118801877985648,16.0,28.431,14.224,0.9861042092767769,1.661058781132429,3.2796928406145227,24.138281007005933,11.708075016059066,0,0,4.464839215795524,0.4141495775063562,0.9573884858255213,BA
2,2.9603149215916176,174.03870519149734,24.44708163630466,16.0,31.596,16.849,0.8249204625656844,1.211359479130381,2.062521829671782,1225.2424155721928,59.597269757278625,0,0,2.9603149215916176,0.34103190898188684,0.9726192506677331,BA
1,2.4247174406476377,380.86006044901956,30.116544796895955,16.0,10.572,10.679,0.31409404432011556,0.8406922358154673,1.6813844716309345,734.29910372659,47.83138726919107,0,0,2.4247174406476377,0.5,0.973910919959924,BA
6,30.46260932622242,39.681107189164564,30.654619351338287,32.0,45.584,24.622,2.092872979437878,3.827094687261142,37.30703653901938,80.00241599868522,54.51982722367951,0,0,7.452433175808283,2.9999999999999996,0.9220440110467025,BA
5,17.88000270046017,374.51866917233076,66.99690717246362,32.0,25.681,21.998,3.277003741047251,4.642762065958732,17.34364323627895,5853.482771026145,227.43528013140153,64,8,4.89073979935271,2.943529992212154,0.9924992795807132,BA
3,12.70416911299619,574.3695555986852,91.74907695241293,32.0,37.695,24.834,1.6527453031170698,3.08606143069052,12.28593158029735,92422.49552561404,722.541712516653,1,1,2.487290696809601,2.7499501253989473,0.9720120458102725,BA
4,17.085931944413556,148.2658524458251,57.17161067732413,32.0,67.335,29.876,3.2532625636998285,4.306510629230371,17.74482138773607,2249.60433359735,197.47349195034863,4,2,3.92994725186817,1.6393346916590816,0.9693231843394269,BA
2,16.82865838093763,1519.5862655435524,87.82677237251606,32.0,38.162,23.4,3.2607694619588936,4.555268034583145,17.937066439860875,16377.413857551364,331.1406174705558,1,1,3.62563099683422,2.83067303010487,0.9741477340055494,BA
1,13.488666302860901,1367.6931821442477,100.4386375893379,32.0,34.174,21.937,2.227162687564389,3.632121080355291,12.319064812312416,26071.793085266465,469.5743047458983,64,8,2.5115083007093326,2.853606272565299,0.9799056190972573,BA
6,24.053716575369616,22.253524975999145,20.53577153395282,28.0,55.893,24.214,9.089319461846271,10.290010727891929,51.83705919304708,108.72033989554284,76.77888600139356,4,2,10.348807496868156,8.875234240935743,0.9201262067292707,BA
4,9.111793601071746,288.33755992786325,63.65736751748381,28.0,21.3,19.075,2.5500328948110003,5.170512800112756,17.68069146441955,2458.47616241071,310.5407850966012,64,8,3.9664177257374744,7.837289295667429,0.9903662727410953,BA
5,12.263581871244861,169.43540554693635,48.455260484335085,28.0,30.514,20.51,5.122786076009048,7.49142515140112,23.446779831043493,1662.5230058088405,245.09275141149533,144,12,5.200437741858549,8.64715630080561,0.9965860361062676,BA
3,13.331488761206328,357.6547517973007,56.564174058342395,28.0,24.546,19.999,5.112201462688361,6.919755047945508,25.997322315319956,3902.304930692873,304.74991474913105,36,6,5.360679078532845,8.852017019492628,0.9872740502201844,BA
2,9.840902914555878,508.224460488351,71.65566715306737,28.0,35.13,22.084,2.5277746591022305,4.734606795975635,17.893620581095945,94248.30228503438,796.8489776114322,25,5,4.4004951649619,8.3274007940868,0.9660384352488074,BA
1,13.92132404846651,99.33655364445487,39.81312796778666,28.0,65.535,27.473,6.115683313549604,7.825657895121535,26.101691305302445,148581.7969113879,734.5282919201513,16,4,6.588889127201737,5.913999508732672,0.9847371469472003,BA
6,24.253670908446257,21.72527395445667,20.350182313353134,28.0,40.306,21.604,6.10582931297464,7.809258472463395,48.16544816567554,68.08642186434783,56.457554206420966,0,0,9.562759576625787,6.173825299638617,0.9504646326584388,BA
2,7.668873115748856,1709.3100190682512,104.78651980414034,28.0,34.146,20.569,0.9056919538228105,2.6770383340967503,13.599839278609203,40097.94924405687,530.9212555945022,4,2,2.6479208741661955,4.850433978487678,0.9845763109703193,BA
4,9.317974282453592,1188.5949174391371,88.679305785224,28.0,13.925,16.161,2.3594946246750172,4.288988826100478,15.130989730327268,8496.761324067873,387.84347852083414,16,4,4.521795653907571,4.886984334416286,0.9915335889712877,BA
1,7.822411707418001,561.7116877237235,82.80648594703813,28.0,18.341,18.795,1.613003133461815,3.7324867915340674,10.652221442635415,133933.24704272696,727.5917532991579,49,7,3.3804422227630604,3.6986079091245863,0.9864876447371593,BA
3,13.021520546273367,159.62350507623987,47.479041412692276,28.0,56.202,24.923,4.428906643607801,5.708578323811966,21.361676763582505,1810.543582747049,201.04813866888136,25,5,5.45419116201078,5.781212079525152,0.9742906906723632,BA
5,8.63397662781819,247.029519882764,63.09073325766905,28.0,43.929,24.705,2.346467908944496,4.5854660774055285,13.98299333970983,10985.5759887614,337.9036113549195,49,7,3.698729909817681,5.584103044579045,0.9860910117911421,BA
6,16.85412309856298,16.774632835166273,15.078636952027338,24.0,37.049,18.687,7.303641237620348,7.935407180409555,31.663884340788332,67.55176156857597,46.52312484250075,4,2,8.055803758301986,5.0,0.9173279333115631,BA
2,7.004281688150801,6612.377135674526,111.89336051755825,24.0,16.62,16.114,2.113220072341525,4.140472627657125,11.045087680916566,3975430.0240236386,2516.228864154588,25,5,3.4614315907361,4.846794905007597,0.9807899450582755,BA
3,4.284964770483715,313.97708778571354,62.840334324940514,24.0,22.595,17.143,0.9880056466855777,2.7322848757773377,6.783489026352975,46750.91187744803,447.11394623031407,1,1,1.9003911357039651,4.1358023027248425,0.9919447048205667,BA
4,9.934491383685614,135.16303513821393,32.31871125936211,24.0,39.754,20.692,3.534464407861207,5.123695263960573,18.564255050965226,621.565429810263,110.56625488194388,16,4,5.174822286998662,4.756738040015018,0.9960828375338991,BA
5,6.523238461602249,138.5216277137102,41.40999521584154,24.0,13.25,14.457,2.0295691599015067,3.92306048306366,10.605466878043309,4358.2986446257955,229.61598575634957,16,4,2.729322738896786,4.709322089335786,0.9864240663784473,BA
1,8.089498516239708,915.7338485129726,58.22889481554395,24.0,24.653,18.319,2.3087087851504746,4.009196966424504,13.063116632557294,9717.50745606964,310.8402552317164,0,0,4.433176246108273,4.084813027982377,0.9656530892555237,BA
6,34.254696728867785,27.446631908057626,25.99900139717337,32.0,69.84,29.281,16.360187435079848,15.748475335506098,93.36612235759529,839.9704727308814,140.5526414365695,49,7,13.054236002932708,15.63866950525108,0.9290521046422691,ER
1,16.025741909252865,444.71715542540034,79.1251111043656,32.0,43.421,26.283,6.017771545951405,8.730231658385195,36.25736182265516,7112.6730730853615,544.8127455550432,256,16,5.590634933874041,13.672247592237381,0.9721120094014111,ER
2,14.046420868114906,286.09152819118515,72.66673862678783,32.0,43.773,26.407,4.698319960793855,7.757320087579047,34.1441059823414,128607.34269772409,763.7213259316001,256,16,6.249308539998042,15.201617472280935,0.9844108015693629,ER
5,17.074752542323623,124.28978246293133,53.697688767787966,32.0,39.825,24.133,6.995671194816548,9.9536088559592,42.32812086966366,2144.4823737260804,306.52673026149523,441,21,6.765629913595426,15.659979609950899,0.9937202755146177,ER
4,15.0812184920564,165.22718798783222,62.14775640291821,32.0,55.718,28.348,5.385783862587123,8.818537087368115,35.43919036588798,107784.00329676302,810.3735813043307,289,17,7.337332770898438,15.879545037119005,0.9806170437732545,ER
3,14.865055909767925,399.07877121363884,79.48461418927428,32.0,34.898,24.475,5.839364320553994,8.888100321066597,31.42156926207794,27659.048767290187,729.4651353201687,676,26,7.593965368270876,13.750664286353812,0.9882454325951826,ER
6,31.783523120374102,34.137042077500695,28.7886971881547,32.0,56.429,26.526,5.988377888590232,8.406919446794134,61.23037280854862,144.86141145023922,96.36891825426264,1,1,7.787999327153756,8.903516818074538,0.9056408980292183,ER
1,16.025741909252865,444.71715542540034,79.1251111043656,32.0,43.421,26.283,5.049906506881518,6.6074032716863975,26.99027677053606,3526534.878119392,2249.432526207988,36,6,3.753433123292502,7.7451396543361835,0.9721120094014111,ER
5,14.046420868114906,286.09152819118515,72.66673862678783,32.0,43.773,26.407,2.832391051630214,5.431846174186493,26.871361284943603,1397.3669546158437,259.47141920630753,1,1,2.8133136990231913,8.297415818121895,0.9844108015693629,ER
3,17.074752542323623,124.28978246293133,53.697688767787966,32.0,39.825,24.133,5.711862456203018,7.887686286784043,29.849673727352535,7965.482606638797,330.12761580331767,400,20,3.4661945428477017,8.462146490231945,0.9937202755146177,ER
4,15.0812184920564,165.22718798783222,62.14775640291821,32.0,55.718,28.348,4.355629993052158,6.556610898347288,27.42537388631571,20601.551459062877,393.40750949233137,9,3,4.368045623823852,8.007561434068057,0.9806170437732545,ER
2,14.865055909767925,399.07877121363884,79.48461418927428,32.0,34.898,24.475,5.155986213800387,7.131701571619997,23.17265646251663,48492.02594529744,776.6106053983226,100,10,4.30110514824012,7.5141383000703375,0.9882454325951826,ER
6,25.13855300972272,22.632795031591566,20.367262555564597,28.0,56.997,24.241,3.300652960080795,4.805002911766561,32.91706760551273,51.85665133789197,41.01028546493758,0,0,5.54507918102219,2.9364419144931495,0.9048886634509589,ER
2,12.179849076610756,398.94452599417906,62.84655776453077,28.0,30.483,21.171,4.0467190839431035,5.09905874927792,11.988035069609856,3251.922720313999,224.080099217645,36,6,3.449152220001648,2.2898472023971523,0.9766954799079349,ER
1,8.619202907496001,438.6166216621908,78.22752935858618,28.0,38.83,24.255,1.503610933358456,2.6989127626969616,7.709850430261579,48221.723787848176,607.4925028410955,9,3,2.1529173206069387,2.108806270005174,0.9686581902438532,ER
5,12.914289585335325,104.8534324503186,41.709176230342955,28.0,38.112,21.437,3.3775702956781304,4.616149612522375,15.941919820518073,346.79338598601316,97.36905239828911,9,3,3.063104043052232,2.771835955029926,0.9873353153865668,ER
4,10.848754855412862,173.22690964702963,52.61226873720148,28.0,43.402,23.508,2.785112114553877,4.126308183948805,10.501879468604955,8578.599821465943,263.03036880688455,4,2,1.8780512905694258,2.1433079605083734,0.9781369234735624,ER
3,12.625515704660373,158.66829072469494,47.110764356624856,28.0,47.697,24.925,3.138458760690055,4.340631479558009,13.438370668004998,5220.50232792327,231.31436000964501,9,3,3.492321905569937,2.865817632570632,0.979984338820645,ER
6,38.53248396977006,103.5583255646972,62.84668727535222,40.0,37.716,25.37,2.7278716713277764,5.931020675002175,73.07450847839874,326.43590621810586,172.49966349552665,0,0,8.744743596068702,10.375608334900768,0.9393235573005878,ER
3,22.936408989120082,760.6646631017807,136.1500533336798,40.0,50.083,32.393,5.1802578890734505,7.406983084203935,29.569648717469363,728566.8151771608,1629.9191703941951,121,11,6.342670995577551,6.584458378490372,0.9762054536919329,ER
5,26.965521613515023,235.57422500737567,91.43029432441479,40.0,63.906,33.353,5.120121879714481,7.556690746604997,44.62980563041612,801442.583423482,1226.0914634268056,196,14,6.3506923327751785,10.205965428752986,0.9915294762768663,ER
4,25.004356433620956,290.80623581912596,101.16416147093051,40.0,63.767,34.453,6.300848276376012,8.40453738725233,36.280166252181424,89110.40246683436,763.6266693089167,361,19,6.058779626015994,10.2094121611574,0.9779127842244579,ER
1,23.399644760746696,1401.9694515441465,161.00034125878895,40.0,53.901,32.861,5.938006730621482,7.680258374707339,30.684608298000395,580688.9079455282,2126.6762604149985,100,10,7.380049715951223,6.698595899419668,0.9897189494281853,ER
2,27.22230160291079,1266.3866328104814,138.21313381934485,40.0,51.595,33.366,6.504977977575507,8.04082256844669,41.23787967950108,317927.72359983803,1397.3944197906676,81,9,8.250706689339905,8.808814177531069,0.9679415543267316,ER
6,27.734054184689366,42.399110470639734,32.33814686883423,32.0,38.462,22.406,7.866013080779084,10.370790223225326,65.58696515294548,233.64834256506552,126.42895099334194,9,3,10.111398764484493,12.111960203480434,0.9348971346528218,ER
1,16.025741909252865,444.71715542540034,79.1251111043656,32.0,43.421,26.283,4.613496375540335,7.106136907945,32.47441684580957,15115.079926838675,567.0033707609034,361,19,5.590634933874041,10.83712474576071,0.9721120094014111,ER
4,14.046420868114906,286.09152819118515,72.66673862678783,32.0,43.773,26.407,5.190722531967019,7.9663322316514895,28.750316002699478,78942845.71088457,9631.55443820475,289,17,6.11548510317535,11.406576439708063,0.9844108015693629,ER
5,17.074752542323623,124.28978246293133,53.697688767787966,32.0,39.825,24.133,5.928319914482017,8.502522511051792,36.8338080856229,1969.3328735112266,268.7100836900219,196,14,6.765629913595426,12.021956553125401,0.9937202755146177,ER
3,15.0812184920564,165.22718798783222,62.14775640291821,32.0,55.718,28.348,4.126867090596794,6.971759570193859,32.43592704070379,87458.24806749707,606.313089066562,49,7,6.951905094024717,11.767401102282797,0.9806170437732545,ER
2,14.865055909767925,399.07877121363884,79.48461418927428,32.0,34.898,24.475,5.682942377625157,8.061848935264718,26.313177288764393,19907.942514432674,609.7953227923739,100,10,6.76553876817065,9.684032483779855,0.9882454325951826,ER
6,15.388417873157081,4.999999878297553,6.8819095186013435,20.0,57.302,21.828,25.000000608512263,15.388417873157081,35.43604536461376,27.23606731456057,27.450779659436854,25,5,15.38841787315708,6.000000012840314,1.0,ER
3,6.940591437960964,45.46959398342724,17.77097783290958,20.0,19.18,14.337,5.328442971886686,6.940591437960964,15.294455308429226,2146.934960263153,116.28285237384192,9,3,6.940591437960963,5.935028300023004,0.9902846349173849,ER
2,5.458874987804293,202.90465443272103,30.208647516921467,20.0,18.973,14.606,3.590406168202951,5.458874987804293,11.154379224292697,1985.8031037520907,164.4657144898914,9,3,5.458874987804292,5.963472139979138,0.9799652128402037,ER
1,5.061685553501336,93.68142670820598,25.982839957615134,20.0,31.11,17.787,3.146861172130602,5.061685553501336,9.179052735257327,33579.18856829671,319.7175305747068,9,3,5.061685553501336,4.092443157911684,0.974327143391066,ER
4,6.64783416857746,31.465495561378614,16.775513043266702,20.0,32.991,17.168,4.8377630329936485,6.64783416857746,14.75698038977363,243.87232154254488,74.57113597833327,25,5,6.647834168577461,6.117310608487131,0.9904124925327292,ER
3,6.24187104439632,39.351056180632305,18.352222669924565,20.0,30.915,16.184,4.309267136780692,6.24187104439632,13.565446131094044,1136.45570940141,106.64878403128735,9,3,6.241871044396322,5.9791055599787315,0.9857906448939351,ER
6,22.97046642104319,24.239407304848967,21.437209677759448,28.0,38.267,20.836,10.32292959073784,11.361294698421858,56.61775548407958,122.21582438987768,83.81517185560477,1,1,12.842728202147873,10.374947990730519,0.9346094373150142,ER
2,12.452176315225731,171.14126676675164,49.44404721474954,28.0,37.248,23.509,4.922579199708682,7.127616133613574,25.52478606126576,13536.910893902816,434.7437029573462,9,3,5.696253386509399,8.523604080749944,0.9735259530546222,ER
4,12.097502718109089,243.54471997492942,54.56377807207526,28.0,32.292,21.136,4.793036165238845,6.840964046763636,25.63227538907396,9832.274947196496,421.23577304781526,100,10,6.011829057207483,8.018366046388389,0.9691309410281558,ER
1,11.58535286239265,583.5454511646794,69.42742262935573,28.0,44.43,25.891,3.073837591955079,5.538531342131463,24.749398936444887,100042.30515148914,913.2573857879089,9,3,4.778373592781661,8.981469741985471,0.9670281227900679,ER
5,8.879981933174374,296.1963917053114,65.17846096253861,28.0,21.692,19.704,2.0779647216769663,4.8792258829870105,19.053749405392374,112170.92035785512,692.3855341975922,36,6,3.7632937624946274,9.672590387572717,0.989138925848542,ER
3,10.121589427605535,1959.975589368543,88.34100569656142,28.0,11.987,15.855,3.854203110332844,6.538471664595212,20.771646369332288,18765.116620184235,570.2610595862584,225,15,5.888011474870932,10.307553040304692,0.9883469432132352,ER
6,22.97046642104319,24.239407304848967,21.437209677759448,28.0,38.267,20.836,10.32292959073784,11.361294698421858,56.61775548407958,122.21582438987768,83.81517185560477,1,1,10.294346513934062,10.374947990730519,0.9346094373150142,ER
2,10.54053671577648,812.1439112436386,73.34611563382771,28.0,21.41,19.221,3.602632669716386,6.180995213681584,23.949297318629554,7620.435342623569,411.801855707344,25,5,4.571686889775673,10.275564790877274,0.994224256835673,ER
1,9.08230830848272,536.3337558660418,77.20120011248551,28.0,21.96,19.392,3.144558626636549,5.592489246797124,18.932077682007844,284524.6204446243,1033.4677153200046,64,8,4.394610972050022,6.910334462822622,0.9882689002041274,ER
3,13.26827144717581,154.6175578643896,44.94467270678554,28.0,33.349,21.126,7.527487824284532,9.514790940907597,26.58036907144147,11859.886889856934,368.8790089182024,196,14,5.417970574412257,10.476323598857753,0.9851730156893636,ER
4,10.300517672732102,555.483291846342,70.03866574763822,28.0,23.519,20.37,3.584321559904505,5.97515500806316,21.72109021490156,5683.407573800407,372.094049183046,49,7,4.438008813129759,9.659542271280486,0.9724363280866324,ER
5,13.937742542401697,103.97773678375043,39.97960191484217,28.0,67.484,28.122,7.456385799637249,9.461976004833495,28.467462933850644,2965.7623264587232,270.0444856449454,100,10,7.546379596939767,9.117754461971995,0.9657573249203311,ER
5,10.464490036661639,12.855038572154154,10.762466031118855,20.0,32.931,15.345,4.103800913868952,4.853382612675497,14.013709519789428,42.00341819455888,25.868963623888614,1,1,10.464490036661639,2.100256629959208,0.9234838927186964,ER
6,6.85044126324388,46.88852325534616,19.267404447123546,20.0,30.778,15.546,2.631074632584831,3.4074870412724065,8.967685054799134,137.64340714000076,46.20081557032084,0,0,6.85044126324388,2.0191182738062627,0.9576113858141807,ER
3,2.6634615083710362,1597.9368418491865,74.52449164066327,20.0,12.143,13.135,0.5853252981151582,1.7699464725491234,3.016243802411237,41148.54761800192,407.2473097374466,9,3,2.6634615083710367,1.8526018569079952,0.9976515064001592,ER
2,4.41410978659542,1202.5247865381766,54.74516630647203,20.0,28.524,14.791,1.525712195412209,2.5777309148564833,5.137034213264056,6085.026659700201,198.7445245553882,0,0,4.41410978659542,1.8938510435578904,0.9653150008786939,ER
1,4.923975915484218,973.9478735446374,49.027552029965,20.0,11.575,12.092,1.7801604951902035,3.107108616237383,5.29716476313684,3944.80091640269,168.12832079022638,1,1,4.923975915484217,1.6249171208758668,0.9939113083418725,ER
4,3.0862279242482433,421.67774828313395,49.95212056864159,20.0,13.131,13.58,1.0272594551314334,2.3220914064759306,3.2254584196688603,3209.6634486099942,177.15490151900326,4,2,3.0862279242482433,1.7866237440633292,0.9935922341451097,ER
6,13.387064339509912,7.075099002625125,8.092809853983526,20.0,36.333,17.091,14.55910543472403,11.179570026669388,27.721644898096162,42.61645104951801,30.230606023467903,9,3,13.387064339509912,4.786981730141173,0.955226286775302,ER
3,6.1741941408151835,109.48863525066221,25.41494212668327,20.0,28.391,16.251,3.8499432336924206,5.216458463895827,11.27165735864132,5258.088897730394,178.09085026662535,4,2,6.174194140815184,4.037250166455836,0.9827469454258048,ER
4,4.229436414738947,85.20895037471254,27.379248929685083,20.0,36.923,18.786,1.9643061878506656,3.8981737057330195,7.769359656401801,869.6884653059338,124.59472517522507,9,3,4.229436414738947,4.589975200244144,0.9830728999038287,ER
2,6.00600452884896,43.687483707076,19.37385364299754,20.0,30.973,17.31,3.729204898249508,5.383021406357983,11.085165827243088,813.4880090231411,98.04749316937351,9,3,6.00600452884896,4.520096501417182,0.966681124879316,ER
1,5.6017404615779895,40.74938487118556,19.428758548117983,20.0,13.531,13.144,3.168459542006185,5.1074497971303225,10.928329557509354,4024.1634565617073,131.25872548592056,9,3,5.6017404615779895,4.856532228440281,0.9831743914171787,ER
5,5.366882661189843,75.37155491760983,23.80904787831507,20.0,24.986,15.048,2.6014421726737775,4.494437863759612,10.266743866902122,517.2516653944374,98.724596834274,1,1,5.366882661189842,4.8060931594633765,0.9897986445496527,ER
6,9.389040369511662,4.09620080658666,4.615239163004526,16.0,95.009,24.185,2.644751501384244,2.8167808759594477,7.511327293135601,5.104491197846883,5.325259034116279,0,0,3.755552629681058,0.007993376640117738,0.8194361602301368,ER
1,2.565966399605249,69.33450348190655,18.191664058630224,16.0,16.082,12.497,0.7221392875403417,1.2924979515974648,1.523752311023028,35839.43349441742,212.61656271662468,1,1,0.8968443092849907,0.36736418621435585,0.9825310116418564,ER
3,3.2619244084233907,56.387732835394075,15.23294901884815,16.0,27.025,14.206,1.030042641588754,1.467648859745256,2.3709430622744665,627.1779690849834,40.74416019221531,0,0,1.3683418313085403,0.1905113089204384,0.9818029580329398,ER
5,2.9979885374051007,35.41200072665262,13.706480882730327,16.0,9.076,10.151,1.0810943421839472,1.7079671594454626,1.90471961482938,271.7499862092183,30.174120500798153,0,0,1.099334859536881,0.3060871168697879,0.9727182984301946,ER
2,3.5049933942984586,41.023266270537555,13.307652684659452,16.0,30.047,15.162,0.9627142321956337,1.658044605079004,2.5076174445131625,238.08625697456424,28.125642271368875,0,0,1.34903942144807,0.47951882832024406,0.9825905326547194,ER
4,2.3140567620643564,129.30612078260583,23.1865553199306,16.0,9.471,10.438,0.7348328238818108,1.2857382500344268,1.1798360953452032,476.93338418139274,46.57578271100893,0,0,0.6289070667261154,0.05197186666929188,0.9778258140364197,ER
6,18.936364619667764,41.38715230906209,27.30365340263791,28.0,33.642,18.917,4.228862243256882,6.698022382289649,37.738081255608655,230.66609383056777,97.28479110290664,1,1,7.435396815579689,7.448699150348726,0.9321344081624234,ER
3,12.179849076610756,398.94452599417906,62.84655776453077,28.0,30.483,21.171,5.3519898800631,7.183385111340284,21.664489051771575,3824.276523799805,295.894502626983,81,9,5.833529708519018,7.137985076149832,0.9766954799079349,ER
1,8.619202907496001,438.6166216621908,78.22752935858618,28.0,38.83,24.255,2.1062589729665477,4.136782344915662,13.303687783284714,116293.67650234289,968.0958762099855,25,5,3.849585206741643,5.806792487684314,0.9686581902438532,ER
5,12.914289585335325,104.8534324503186,41.709176230342955,28.0,38.112,21.437,4.317502540102688,6.566613977686157,24.853234459614466,2085.0673634974264,191.86733131549892,25,5,6.211502992939701,7.374058349096073,0.9873353153865668,ER
4,10.848754855412862,173.22690964702963,52.61226873720148,28.0,43.402,23.508,4.362026040592604,6.46745099604742,17.087039919748555,9206.071181774503,356.260573955796,49,7,5.158691164647182,6.116788180751377,0.9781369234735624,ER
2,12.625515704660373,158.66829072469494,47.110764356624856,28.0,47.697,24.925,3.4526416274029414,5.491938361161656,24.490441254960597,3185.530046162442,247.08869596180847,1,1,5.573554246818347,6.862646144433523,0.979984338820645,ER
6,20.5007252008005,9.890735677797052,11.816817868924836,24.0,62.701,24.234,5.055235690137885,5.027541988951253,19.618037116976797,20.825664104198353,20.402238596401613,0,0,20.5007252008005,1.5,0.8768676569288357,ER
5,7.647760649037364,165.2764079918586,38.509717518996936,24.0,20.939,16.694,0.8485364290121304,1.8798268603967285,7.001697436062719,838.0072806218551,91.38916560221583,0,0,7.647760649037364,1.5,0.9832533610354377,ER
2,8.100314851600109,110.05160903816741,35.185057026102335,24.0,25.965,18.046,2.6876542116767017,3.5957618317115028,7.342640203366894,1787.7316177247658,108.73158977978044,0,0,8.100314851600109,0.83495600381378,0.9726207098089084,ER
4,6.505666497519064,245.12634423215917,48.5632111039333,24.0,46.055,21.632,1.063256976951416,2.0823181325647604,6.018321274087202,1061.5542583529298,107.48912555486692,0,0,6.505666497519064,1.398851589411739,0.9849510111993355,ER
1,7.576768135400223,160.76802777611655,39.57397397632338,24.0,44.231,22.4,1.018769048590122,2.0648274330634044,6.580750409413705,7966.666700162184,163.3768482223863,0,0,7.576768135400223,1.3160081843985414,0.989520799802998,ER
3,4.983336394496265,359.2499244127664,60.40680315830291,24.0,23.876,16.636,0.3684524891272124,1.1989312693199672,4.498972302953516,2936.1389445442423,161.25542285084722,0,0,4.983336394496265,1.4675222240107413,0.985867705808724,ER
6,47.36345518415872,73.70190119863926,52.49346206281625,40.0,57.817,30.841,5.375807277338705,8.910968337712763,102.55836259133446,294.081368056615,170.21531818447477,1,1,22.539892488441666,13.360089429103311,0.9020171721960518,ER
3,22.936408989120082,760.6646631017807,136.1500533336798,40.0,50.083,32.393,5.340545761871937,8.357790588408905,37.92980417152728,726083.2569070949,1603.7672662804819,289,17,10.520560541305628,10.848514171868043,0.9762054536919329,ER
5,26.965521613515023,235.57422500737567,91.43029432441479,40.0,63.906,33.353,5.751414497613627,8.424588314540122,53.65670629718131,3544.421323610337,417.56789322633364,196,14,12.889705212973784,13.843487858214342,0.9915294762768663,ER
4,25.004356433620956,290.80623581912596,101.16416147093051,40.0,63.767,34.453,6.203250869480535,8.946316828806639,44.301009831276076,27507.675284500878,724.2430580144555,196,14,11.269013576060878,13.137028204521501,0.9779127842244579,ER
2,23.399644760746696,1401.9694515441465,161.00034125878895,40.0,53.901,32.861,5.778182685593661,7.924832467098353,40.27674294803414,213610.72992215163,1649.4678976175012,484,22,11.421044186506716,12.431586810944964,0.9897189494281853,ER
1,27.22230160291079,1266.3866328104814,138.21313381934485,40.0,51.595,33.366,5.850428824398579,8.059692824705015,50.25787623883926,351439.03494716965,1440.41940036296,81,9,12.736570831830372,13.355326760905493,0.9679415543267316,ER
6,36.459531967469076,24.10976054991039,24.423529072185474,32.0,75.854,31.241,11.969370757623278,12.296441557914443,81.23188604559873,158.7622536057651,90.57380590381916,9,3,13.117192844776964,10.373156044392909,0.9079530698968876,ER
1,16.025741909252865,444.71715542540034,79.1251111043656,32.0,43.421,26.283,6.01495153502191,7.976923154680688,28.50190391897697,15118.195543049978,558.5237757145916,144,12,5.590634933874041,7.125829735888572,0.9721120094014111,ER
3,14.046420868114906,286.09152819118515,72.66673862678783,32.0,43.773,26.407,3.3526855001483233,5.993300845859269,26.8547459159554,4884.250246788348,381.83223053651943,144,12,6.11548510317535,10.063814144831396,0.9844108015693629,ER
4,17.074752542323623,124.28978246293133,53.697688767787966,32.0,39.825,24.133,5.780877775385154,8.245349723613884,33.42681012116072,1414.3167545449305,252.13539602675866,289,17,6.765629913595426,10.306558652678108,0.9937202755146177,ER
5,15.0812184920564,165.22718798783222,62.14775640291821,32.0,55.718,28.348,4.614149235450775,7.3303245889607025,29.36890317960211,104698.60674291714,692.869406118125,49,7,6.951905094024717,9.932736715556512,0.9806170437732545,ER
2,14.865055909767925,399.07877121363884,79.48461418927428,32.0,34.898,24.475,5.626515862294156,7.904817475626485,23.592711727575587,27264.75652064499,666.4644540322129,324,18,6.76553876817065,7.643266653886864,0.9882454325951826,ER
6,15.388417873157081,4.999999878297553,6.8819095186013435,20.0,57.302,21.828,25.000000608512263,15.388417873157081,35.43604536461376,27.23606731456057,27.450779659436854,25,5,15.38841787315708,6.000000012840314,1.0,ER
2,6.940591437960964,45.46959398342724,17.77097783290958,20.0,19.18,14.337,5.328442971886686,6.940591437960964,15.294455308429226,2146.934960263153,116.28285237384192,9,3,6.940591437960963,5.935028300023004,0.9902846349173849,ER
3,5.458874987804293,202.90465443272103,30.208647516921467,20.0,18.973,14.606,3.590406168202951,5.458874987804293,11.154379224292697,1985.8031037520907,164.4657144898914,9,3,5.458874987804292,5.963472139979138,0.9799652128402037,ER
1,5.061685553501336,93.68142670820598,25.982839957615134,20.0,31.11,17.787,3.146861172130602,5.061685553501336,9.179052735257327,33579.18856829671,319.7175305747068,9,3,5.061685553501336,4.092443157911684,0.974327143391066,ER
5,6.64783416857746,31.465495561378614,16.775513043266702,20.0,32.991,17.168,4.8377630329936485,6.64783416857746,14.75698038977363,243.87232154254488,74.57113597833327,25,5,6.647834168577461,6.117310608487131,0.9904124925327292,ER
4,6.24187104439632,39.351056180632305,18.352222669924565,20.0,30.915,16.184,4.309267136780692,6.24187104439632,13.565446131094044,1136.45570940141,106.64878403128735,9,3,6.241871044396322,5.9791055599787315,0.9857906448939351,ER
6,24.645870777662473,22.3441926968309,20.403023351639483,28.0,44.496,22.711,7.299506544695249,7.94793455656132,43.20842335545408,75.81067599313644,54.36897507768275,4,2,3.914526910226584,4.971051126876634,0.9231691626305654,ER
2,12.097502718109089,243.54471997492942,54.56377807207526,28.0,32.292,21.136,3.447405841307779,4.762088823446561,17.165130701824786,7176.270146356656,306.14895839073,121,11,3.451180957383505,4.652692788625337,0.9691309410281558,ER
1,11.58535286239265,583.5454511646794,69.42742262935573,28.0,44.43,25.891,4.316456820168843,5.385134619310428,16.546860525312823,10330.543626414476,356.0193618089954,1,1,3.073719635786211,4.314951345509305,0.9670281227900679,ER
5,8.879981933174374,296.1963917053114,65.17846096253861,28.0,21.692,19.704,2.6322753199112765,4.5501325366400955,10.752350947306146,112355.86677645332,648.3535666146391,64,8,2.5879254940888425,4.207330408025964,0.989138925848542,ER
4,10.121589427605535,1959.975589368543,88.34100569656142,28.0,11.987,15.855,2.7678381713668516,4.823763477463865,14.337175905389234,26349.741878761335,483.9599943247399,25,5,2.6043770284399788,4.872934584842164,0.9883469432132352,ER
3,10.54053671577648,812.1439112436386,73.34611563382771,28.0,21.41,19.221,3.1621878348260526,4.885723506874897,13.850431286944305,4203.3156514404645,274.7117208437877,16,4,2.2325314038060453,2.770626944339748,0.994224256835673,ER
6,13.5242193078652,7.970136289738943,8.363582109438129,20.0,44.54,18.767,1.966832914139243,1.9833471274730374,5.83945455250919,7.188864365212165,6.40455304943388,0,0,2.6952270871820314,0.004874551539279404,0.8993816295516459,ER
5,4.8597898932755665,71.528284620456,24.483891155315995,20.0,14.11,13.776,0.3790411477369162,0.7853843238103954,2.2254268044423977,59.69529713602794,17.955374526407404,0,0,0.837090652890498,0.016797709219087353,0.9859498030656481,ER
3,5.005155171642607,82.52141400416815,25.304190810383858,20.0,65.461,24.241,0.9532102935702735,1.3325520687134218,1.4216660967124999,564.7058083089319,43.123809800948095,0,0,1.0717603996944425,0.015400706025986111,0.975927230194103,ER
1,6.019861239691104,38.46030549423357,18.519452716366754,20.0,23.659,14.29,1.4175461329484027,1.6796228580387882,1.9711364740710855,208735.10554451452,472.4385485474491,0,0,1.8880470049012834,0.12330013931226287,0.9886707011835915,ER
4,6.353164133674772,43.98959127235922,19.19004876010584,20.0,28.981,15.015,0.28171741472195333,0.7400534606153675,2.9900773709818975,38.99949518379398,14.219301138407234,0,0,2.116922545221664,0.16489745175722584,0.9703333114479838,ER
2,4.568793846061266,1490.6886715221904,60.7614711049021,20.0,13.774,13.65,1.0072307968229168,1.4174657124422052,1.4964724638216347,1486.6815266649453,55.93254855343862,0,0,1.9147968153277888,0.07225764385872044,0.9779414780884791,ER
6,13.731523604126005,6.433756568594067,7.8024505828283255,20.0,49.036,19.49,7.03445067121236,6.492248401951311,20.996707505200924,14.721351678483744,16.03943997054569,0,0,5.840088097961157,2.1819868227646286,0.9553816844331959,ER
1,4.714247285060131,1067.2820544409426,57.71035299354825,20.0,11.116,11.795,1.4955086951455674,2.3825074428766566,5.724113872487839,6357.529733018343,211.71795334594833,4,2,2.2262644145107005,1.588646982953235,0.9904016836850604,ER
2,3.405395347579531,145.90966106386975,34.69374007692539,20.0,12.233,13.121,0.8288351368717867,2.0556992401636456,4.371693936485779,4501.846115631717,157.4879660572216,0,0,1.4705141113826725,2.067478316102156,0.9938373979400694,ER
5,3.76088039042574,97.21836066666299,29.457037754629773,20.0,9.763,11.905,0.8401610543898628,2.218804635793163,5.155626624393783,353.87391503918684,72.47176756083297,1,1,1.5283356115030768,1.9281077355797454,0.9929696640023999,ER
3,7.250268696145148,37.55375814082105,17.200225359638324,20.0,53.869,20.834,2.2733829533594645,3.4099077923180223,10.451792267543324,310.9072492461958,48.861715783667876,0,0,3.238054537825162,1.377342314295317,0.9773372625748777,ER
4,4.618945729292046,72.05287566373383,25.1661659211857,20.0,27.631,17.259,1.680490879341022,2.971920164244967,5.252391497306213,679.8449963876058,86.473589204309,1,1,1.265213828567961,1.5770749494424439,0.9853373470302975,ER
6,14.545586595178506,6.064089258335106,7.510061648302711,20.0,55.985,21.249,7.146443688513099,6.544813229487566,20.53019832589496,15.694431248672794,16.541609885745164,0,0,14.545586595178506,2.0347480413874868,0.8784032455713292,ER
5,5.366882661189843,75.37155491760983,23.80904787831507,20.0,24.986,15.048,1.450357740303935,2.735014300020079,7.314358892245833,375.9106861722725,65.36712167390307,1,1,5.366882661189842,2.2130260651267846,0.9897986445496527,ER
2,4.409099471055469,526.9026987135544,44.22951565011454,20.0,16.516,13.983,1.6356832795236786,2.7346409174253177,5.125087476217909,8830.539764966308,212.93882780683074,4,2,4.409099471055469,1.429539915681767,0.99726049531488,ER
1,3.1451986237814515,439.01012075675084,48.137349442513184,20.0,32.974,17.506,0.6348526764383364,1.669669176514779,3.6595829930153694,6574.604857907765,221.12940437416827,1,1,3.1451986237814515,1.5651597341044183,0.9926154551982909,ER
3,5.479166763308893,58.49796895446823,22.22458207026619,20.0,25.8,15.947,2.967286091865194,3.9263874328418757,6.04591417401343,864.5984667383872,89.77399227709844,1,1,5.479166763308893,1.7968325046411053,0.9669784496089509,ER
4,4.968243032724148,63.44013434115013,23.56236389859343,20.0,16.597,14.083,2.073617421555206,3.2314811912021497,5.939762668227792,796.5954512780133,89.6372078466588,4,2,4.968243032724148,2.0097848702983616,0.9768994946688127,ER
6,26.74016825934132,20.11901968282437,19.15390469488617,28.0,58.468,25.802,5.723012571095926,6.714835090725027,37.520813494450955,65.67947850067058,48.24827632763387,1,1,12.82110278474843,3.9722926636140117,0.8914208878480848,ER
5,10.311823946391687,169.0039146458369,52.93631521879529,28.0,28.112,20.627,2.9067369466358968,4.4540423978816905,13.499605394150045,2199.424691566464,191.46600090239986,1,1,4.589059025001474,3.138382411051078,0.976518059329695,ER
4,10.505983067123164,262.0649317942955,58.25700370358417,28.0,47.305,23.713,1.5386148144816585,3.144612533342074,14.073389533197897,3635.9792466168433,213.61930115855583,4,2,4.538453818285033,3.791891438097058,0.9731149146420374,ER
2,9.917405840096373,1022.0220993729623,82.08989385066943,28.0,46.042,24.763,1.5857405957588788,3.136163172908668,11.802480372190418,56532.170768576885,624.7874325278294,9,3,4.760582788781827,2.9518168028147915,0.9897489839979648,ER
1,8.990775714370377,6901.119999702315,145.70493373361822,28.0,29.502,20.205,2.0613495836295,3.422981118667526,11.357283422872962,4006829.5717224544,2681.4877846988684,0,0,3.790941454199044,2.6913061255372064,0.9702926569736106,ER
3,6.248812078003359,446.4453452438684,86.65576217610288,28.0,27.119,20.623,0.7275854212467986,2.2644111833039515,7.945076763402792,47807.77666656918,467.5825348864185,4,2,2.6623435162692752,2.9944687781190242,0.994489430521474,ER
5,45.907792574263375,123.25547203270847,58.447662516138536,40.0,45.565,28.445,5.038862488840905,5.334335825585852,32.31669799877543,333.1794956533291,100.52577402317691,1,1,9.332476037055399,1.4967232600201754,0.9179012488533742,RGG
6,57.53298976267008,508.65724371095587,63.29858506420855,40.0,129.655,43.375,0.9958651734079316,2.2591373475900047,58.73295703064784,60.773966001580824,47.80616244030795,0,0,13.525991063840792,2.0624359046260294,0.8899058300183725,RGG
1,22.936408989120082,760.6646631017807,136.1500533336798,40.0,50.083,32.393,2.649332306438825,3.8256680791564497,12.072281771983855,716144.912609891,1163.3023200210882,36,6,4.472770336495401,1.4789616600818305,0.9762054536919329,RGG
4,26.965521613515023,235.57422500737567,91.43029432441479,40.0,63.906,33.353,2.1909800211184165,3.422564509188827,19.821914015415707,738.4418400575476,151.29265445221677,4,2,5.757073071416424,0.9660058709377474,0.9915294762768663,RGG
3,25.004356433620956,290.80623581912596,101.16416147093051,40.0,63.767,34.453,2.791103124583427,4.0085387028722455,16.543718199263925,7189.4880631740825,311.02229041066505,25,5,4.093229403320156,1.7896381592593733,0.9779127842244579,RGG
2,23.399644760746696,1401.9694515441465,161.00034125878895,40.0,53.901,32.861,1.8725272142161211,2.692761965721569,16.521569817824513,20494.25078995972,453.41160809949497,1,1,5.741211470217522,1.5169638980448106,0.9897189494281853,RGG
3,41.22668684320063,113.14073085185142,61.881438546712765,40.0,39.747,26.265,1.6953318160300221,2.6040981642412975,21.231465407103336,6904.597942647962,151.46102913054796,1,1,2.2725696005365648,0.409981095666617,0.9588866137017615,RGG
6,56.98066181616716,86.63517390245723,49.96238069087577,40.0,126.095,43.113,0.42393269937266576,1.2730296686707525,37.24098283321863,88.15395474002435,41.070202302575865,0,0,4.31814559762557,0.37677368868087935,0.9510960244885741,RGG
2,22.936408989120082,760.6646631017807,136.1500533336798,40.0,50.083,32.393,2.234770091854708,2.6980293854053468,10.24931772848605,2458.5240578721805,189.45880441619582,0,0,1.6069582623227225,0.3778378652613397,0.9762054536919329,RGG
5,26.965521613515023,235.57422500737567,91.43029432441479,40.0,63.906,33.353,2.1610409949410103,2.805940619560794,12.453497382053843,611.9850236850533,116.47381298997563,0,0,1.074554015496129,0.41457632416433027,0.9915294762768663,RGG
4,25.004356433620956,290.80623581912596,101.16416147093051,40.0,63.767,34.453,1.985722172936786,2.6598311882749037,10.614305975722079,3800.4396838604393,186.20654987032634,1,1,1.4904624091525314,0.3914541787710095,0.9779127842244579,RGG
1,23.399644760746696,1401.9694515441465,161.00034125878895,40.0,53.901,32.861,0.7235580709797392,1.3471958816598395,12.865478561202771,1166.583866811216,141.48831066625038,0,0,1.8339278178709422,0.8813956358114869,0.9897189494281853,RGG
2,36.854654466733315,488.32531824356744,92.53681779790513,40.0,37.925,25.365,3.5347118268091093,5.3175538967083895,34.8102439580939,221975.6246276443,945.246188478142,25,5,7.8808801227351815,3.643205386975382,0.9312022701059304,RGG
6,57.646060113119816,83.47186060086457,48.03304950290993,40.0,133.0,44.002,2.2323555063913747,3.9725402828606815,76.97841237839931,119.13668141071706,70.00233571224285,0,0,17.312620366573583,3.864277909871272,0.8951408607863229,RGG
3,22.936408989120082,760.6646631017807,136.1500533336798,40.0,50.083,32.393,2.477262349360353,4.248514370344959,21.64274511775443,4197.311120581505,363.2977948610415,36,6,5.321584050381315,3.3109194938710202,0.9762054536919329,RGG
5,26.965521613515023,235.57422500737567,91.43029432441479,40.0,63.906,33.353,3.2551007428852547,4.809025683835138,26.692252357503335,1313.9670306725889,221.9109162773766,36,6,6.646576033273373,3.6399738991376713,0.9915294762768663,RGG
4,25.004356433620956,290.80623581912596,101.16416147093051,40.0,63.767,34.453,3.1526484543231743,4.6887523997452,24.0360693373859,2613.33772790174,258.45336931653094,16,4,5.780468707692592,3.555906011655266,0.9779127842244579,RGG
1,23.399644760746696,1401.9694515441465,161.00034125878895,40.0,53.901,32.861,3.4583107784195497,4.8018431731797335,17.276680954120184,19477.012911257218,625.573580948464,36,6,7.203477178816135,3.069521549827453,0.9897189494281853,RGG
6,13.53335445978238,6.680727995623432,7.910463429906534,20.0,37.61,17.412,1.6046127303062516,1.7914311208115319,6.8598578044503355,4.9998877886525745,5.396284750708357,0,0,3.5827138183232607,0.0040975013733882395,0.963885405567276,RGG
2,15.999781056747723,8.081509065773156,7.75042604847031,20.0,107.01,28.692,1.1164025406828648,1.4302550059131753,7.866267329361334,6.954179407730008,5.688633658321884,0,0,2.6126730073325612,0.20097820161515054,0.886287312394319,RGG
5,6.940591437960964,45.46959398342724,17.77097783290958,20.0,19.18,14.337,0.7934454368098918,1.257435600175849,3.580767351012592,38.84236574492868,12.766643347486404,0,0,2.0522981558717897,0.21710710774617592,0.9902846349173849,RGG
1,5.458874987804293,202.90465443272103,30.208647516921467,20.0,18.973,14.606,0.865937435011878,1.3152909972081905,2.189157922481364,424.5062519061252,36.28957015996285,0,0,1.3940631118917532,0.015922720630249743,0.9799652128402037,RGG
3,5.061685553501336,93.68142670820598,25.982839957615134,20.0,31.11,17.787,0.6386274775058184,1.0895896223557153,2.015353592247435,32575.797149240196,196.19844580741332,0,0,2.1013302142486756,0.12619022762263957,0.974327143391066,RGG
4,6.64783416857746,31.465495561378614,16.775513043266702,20.0,32.991,17.168,0.8831653075991925,1.27719169972125,3.069643033022982,31.01342078755104,13.076035094975232,0,0,1.895680154697811,0.13330700360292236,0.9904124925327292,RGG
6,19.457620308921015,37.241128035805566,26.22974057258558,28.0,37.45,19.858,6.854734749922598,9.64849237053242,50.38928274723996,242.1799858317755,115.16557275571917,4,2,8.342917767094676,11.818038925724556,0.9349224927754046,RGG
5,28.462097494035966,21.005611126887523,18.590948260318488,28.0,109.127,32.635,20.687854930559634,15.924877513017861,73.91306860613612,175.85756407124447,88.01278468373906,4,2,12.555787560710886,11.529717843283478,0.9442430172036436,RGG
2,12.179849076610756,398.94452599417906,62.84655776453077,28.0,30.483,21.171,4.8080376692516635,7.076487051594803,27.89623204034995,581370.714236561,1126.0882633490278,36,6,5.701817531774452,10.417136450850528,0.9766954799079349,RGG
1,8.619202907496001,438.6166216621908,78.22752935858618,28.0,38.83,24.255,3.635841446019079,6.144642095083037,17.116605461415407,27543.029697955793,784.4800480286425,81,9,4.003763385622755,7.780605637531843,0.9686581902438532,RGG
3,12.914289585335325,104.8534324503186,41.709176230342955,28.0,38.112,21.437,5.734004472293843,8.27160263535417,29.40435870108309,802609.2525341316,1161.7057805157972,144,12,5.372503305095357,10.955622397921882,0.9873353153865668,RGG
4,10.848754855412862,173.22690964702963,52.61226873720148,28.0,43.402,23.508,4.586048986630534,7.2858999360700825,24.272504461399162,108401.18066184554,670.9072264426295,121,11,4.724093736851158,10.83638327031662,0.9781369234735624,RGG
6,28.7832258284482,15.92889775868412,17.320842567579792,28.0,88.121,31.248,18.304374444350564,16.279168582034554,79.35971281271914,3538530618675.7373,1881175.3415001885,16,4,9.548496705305858,13.442858354445697,0.8517474477997646,RGG
3,25.730929295863493,57.19305648190757,26.01765712740456,28.0,114.883,33.449,14.340526795698864,13.633045728623179,63.79816649319588,13628.5260522437,319.80114988174984,49,7,8.23028399767715,11.182226036104804,0.7879547062034303,RGG
2,12.179849076610756,398.94452599417906,62.84655776453077,28.0,30.483,21.171,6.047777951921647,8.542003446865408,26.648499571439636,582807.8727439402,1207.6181422675686,324,18,5.833529708519018,12.60878198976409,0.9766954799079349,RGG
1,8.619202907496001,438.6166216621908,78.22752935858618,28.0,38.83,24.255,4.23582400408047,6.9424997339082735,17.664402485045827,61723.502736534545,1014.4788974485814,144,12,3.849585206741643,8.194804429327531,0.9686581902438532,RGG
5,12.914289585335325,104.8534324503186,41.709176230342955,28.0,38.112,21.437,5.971321062739822,8.789783082317552,33.02216857716928,802784.3396394857,1177.9289242268048,121,11,6.211502992939701,13.505668846093275,0.9873353153865668,RGG
4,10.848754855412862,173.22690964702963,52.61226873720148,28.0,43.402,23.508,4.683950401498375,7.663297775503934,26.259822625843984,109655.10734358596,711.5619683675234,100,10,5.158691164647182,12.505088729039866,0.9781369234735624,RGG
3,18.030548962952526,15.081876094627807,14.080245803887106,24.0,37.21,18.98,5.333246653901991,4.618764620068891,13.372499987051706,152.50043554997364,30.191898563354375,4,2,3.746864239268297,0.8333333166381323,0.9709257781187831,RGG
1,22.039503218254445,88.70721784929987,23.036601652056582,24.0,112.634,32.195,0.35862097275681676,1.1064161208876084,23.94562062824017,163.2007815355859,27.14665559158863,0,0,6.159112847333557,0.8270734813475785,0.9362741423565584,RGG
2,10.425147314847214,154.68329511586992,33.07102892541924,24.0,21.669,16.899,2.4679207378002634,3.0409660850249294,6.815128619036831,1102.6705983181873,88.26211873110778,4,2,2.501499604195113,0.8781277571142752,0.990023985838683,RGG
5,7.7849154390230915,95.4446782397167,34.72858857757396,24.0,37.811,21.189,1.5644063232965704,2.2473825471394306,4.835694719506854,385.3425079097554,68.5615833783633,4,2,2.0063711568037084,0.800575564501982,0.9825270262028463,RGG
4,6.664451006072791,234.53463332010142,47.72711981986288,24.0,40.957,22.056,1.4554518414787818,2.2493818619085593,3.7987769705976455,1251.6318047274603,113.49965389015068,4,2,1.2623506635366353,0.8314593023810111,0.9798569707280687,RGG
6,9.274367688190745,73.34697987298897,29.454298174855847,24.0,31.776,18.027,1.9848541804266606,2.7955243937848873,6.608481908701052,623.8291262930993,67.88882323717564,0,0,2.021827270577529,0.8936285318172204,0.9854094184793196,RGG
6,26.966132796729145,149.4053060280126,42.930162554489215,32.0,40.608,22.894,4.975854157144541,6.91154922026205,42.3104422962151,692.5719442664864,132.00982565473043,1,1,5.447741409693973,5.986332534046014,0.901298355749427,RGG
4,38.841006767732324,38.92165936539618,27.66087535038143,32.0,131.394,41.1,4.76280226153269,6.54040276277576,64.76957565031623,997.4962747987637,117.76589542617447,1,1,11.10653969264219,5.916823230140187,0.8942504596811359,RGG
1,16.025741909252865,444.71715542540034,79.1251111043656,32.0,43.421,26.283,3.7172352672171125,5.665524962928829,20.94143574684485,590087.4137262584,1185.0130665826841,25,5,3.997081310905887,3.9839572553315907,0.9721120094014111,RGG
2,14.046420868114906,286.09152819118515,72.66673862678783,32.0,43.773,26.407,3.4869933569532203,5.589571455884764,21.15570148556695,141165.91402446118,770.446250618636,25,5,1.9432495244799484,5.907361543067497,0.9844108015693629,RGG
3,17.074752542323623,124.28978246293133,53.697688767787966,32.0,39.825,24.133,4.8193403863041056,6.429672043418473,24.6922029832907,2521.444944457994,230.5967060821364,25,5,3.859872016289476,5.327953473553564,0.9937202755146177,RGG
5,15.0812184920564,165.22718798783222,62.14775640291821,32.0,55.718,28.348,3.302595317588402,5.424723745140778,22.56348243951798,85860.9684173668,497.25599929918366,36,6,3.658830540581828,5.626389689338547,0.9806170437732545,RGG
5,12.103978046967482,8.654599355137957,8.950690903626827,20.0,36.769,16.576,11.902008182408078,10.108061539525066,25.064657400808837,52.130480384008735,33.43521165422619,9,3,12.103978046967482,4.786981730141436,0.9630961195737522,RGG
1,14.632787761655859,18.21988013058908,10.664519919090331,20.0,123.956,32.36,20.54961068377306,12.205494897003941,26.077786013288765,1903.1634971804242,92.99802940940806,9,3,14.632787761655859,4.937154160087219,0.8204972322559779,RGG
4,6.940591437960964,45.46959398342724,17.77097783290958,20.0,19.18,14.337,5.291643089180408,6.748758482746591,13.282444530243545,2139.8024328316983,111.70822996166834,9,3,6.940591437960963,4.888854577445968,0.9902846349173849,RGG
3,5.458874987804293,202.90465443272103,30.208647516921467,20.0,18.973,14.606,3.3317526871491348,4.9502951208671355,10.232247145168998,1798.9278426981832,145.37724848009023,4,2,5.458874987804292,4.912265275100322,0.9799652128402037,RGG
2,5.061685553501336,93.68142670820598,25.982839957615134,20.0,31.11,17.787,3.019485684370552,4.704788526671397,7.9904227951961655,33510.43860678146,307.9401509791907,9,3,5.061685553501336,3.458237964944544,0.974327143391066,RGG
6,6.64783416857746,31.465495561378614,16.775513043266702,20.0,32.991,17.168,4.703414635185441,6.281298497996536,13.008753083752573,231.7738488794312,68.7953692822191,25,5,6.647834168577461,4.855386348400369,0.9904124925327292,RGG
6,4.610662097154366,1.6934043634624696,2.1688565489647416,12.0,51.212,14.625,2.6573954845068255,2.305383041711799,2.3053830417117984,1.505233234317124,1.7350695861069978,0,0,4.610662097154366,0.0030233136790092626,0.774284299912957,RGG
2,5.8354931632162215,1.8714733670321233,2.043995725911344,12.0,103.47,23.809,6.141452753037125,3.147440261480236,3.147440261480236,1.7330770997054388,1.6719792379344203,0,0,5.8354931632162215,0.20351029202748722,0.8753814194451383,RGG
5,1.5816979926162467,29.342376034911474,7.928075883901671,12.0,17.768,8.957,0.9650329697226971,1.3817478074580338,0.3238962920407965,90.10544814413811,13.069268349803625,0,0,1.5816979926162467,0.03210146380631529,0.9864302063412326,RGG
4,2.401294468425061,5.326661383254361,3.90832401667757,12.0,14.182,9.351,1.258874476288829,1.5446555957853545,1.3668160934474083,5.062571056440017,3.097604837378979,0,0,2.401294468425061,0.1728757351366122,0.9933579655292654,RGG
2,1.4612065452491447,103.96584030842645,12.931197160845963,12.0,7.487,7.548,0.4144611336584961,0.7361454351880095,0.7361454351880095,102.06366396248991,11.552003067929185,0,0,1.4612065452491447,0.0811124890020784,0.9875446193164193,RGG
4,1.3115351763868994,25.939618483015302,8.067080905508266,12.0,15.527,10.133,0.3583829656068064,0.7819903329982248,0.7439724910951173,24.718558577472503,6.494403617073973,0,0,1.3115351763868994,0.20016854557714742,0.9954182565666019,RGG
5,37.318659404450706,177.88695840358432,76.70081472757063,40.0,46.608,27.347,2.179169549169647,4.895577781105487,63.77931395552708,812.783120775158,201.17753183605973,9,3,8.908782338295305,7.060190663074304,0.9218359977055437,RGG
6,62.590819026697474,202.77580605960776,53.82834040182418,40.0,161.628,50.225,3.1417689590787403,5.462138520203916,118.31209638284398,619.6853774094556,116.40079910377841,0,0,14.670871408167754,6.730530473380844,0.9296005963637222,RGG
2,22.936408989120082,760.6646631017807,136.1500533336798,40.0,50.083,32.393,3.48549375493676,5.700940375027469,28.319238908491315,83215.99996987612,957.0135355493774,100,10,5.321584050381315,6.243277717808285,0.9762054536919329,RGG
3,26.965521613515023,235.57422500737567,91.43029432441479,40.0,63.906,33.353,3.413067612472424,5.710262558936682,41.1739826738272,802581.9923488118,1190.6629429954858,16,4,6.646576033273373,5.7796641136036655,0.9915294762768663,RGG
4,25.004356433620956,290.80623581912596,101.16416147093051,40.0,63.767,34.453,3.160249652150104,5.431585061752464,35.75754509312716,88250.50597902237,628.3756356739234,36,6,5.780468707692592,7.4776300232259185,0.9779127842244579,RGG
1,23.399644760746696,1401.9694515441465,161.00034125878895,40.0,53.901,32.861,4.086607471599311,6.104460736329388,27.109619655771724,381560.99829097174,1206.1669193849825,225,15,7.203477178816135,5.337719898390945,0.9897189494281853,RGG
6,11.716846153697118,8.915863443438237,9.183382870761895,20.0,33.683,15.832,6.443625163790921,6.1283113242014355,16.24682617430278,25.728777560747922,21.0421125744368,1,1,6.1283113242014355,2.249999900412252,0.9529535949010703,RGG
5,14.696668422800371,95.1229037700084,15.95535077724025,20.0,121.376,31.652,11.290589162121966,7.0374230141948875,17.76317000673236,602.6798665920788,66.39621417910341,1,1,7.0374230141948875,0.9745981636045491,0.8562176584119467,RGG
2,6.940591437960964,45.46959398342724,17.77097783290958,20.0,19.18,14.337,3.105694446293886,4.054610896149321,8.99595173165886,2055.6065524641995,87.59407105003804,0,0,4.054610896149321,1.735394660357389,0.9902846349173849,RGG
3,5.458874987804293,202.90465443272103,30.208647516921467,20.0,18.973,14.606,2.4089616602005894,3.4418174925429827,6.447428705149186,998.3662341935259,98.05032713597446,0,0,3.4418174925429827,2.0291672501146643,0.9799652128402037,RGG
1,5.061685553501336,93.68142670820598,25.982839957615134,20.0,31.11,17.787,2.3854104517888937,3.5179468476619196,5.138562171644288,33324.57718398581,271.28830006805543,1,1,3.5179468476619196,1.1518400868009229,0.974327143391066,RGG
4,6.64783416857746,31.465495561378614,16.775513043266702,20.0,32.991,17.168,2.157579708780811,3.4393621003407007,9.01592127811256,138.72235040871354,43.88680611380493,1,1,3.4393621003407007,1.9642912080132637,0.9904124925327292,RGG
6,35.19580480246366,238.59564487261352,83.3052159792267,40.0,39.679,25.745,0.9933837312060401,2.6368578333465837,39.33543251715194,567.8308598764487,130.67918180682668,0,0,5.863618041229225,2.149915280660907,0.9284561779435313,RGG
5,58.39637243709108,1465.1824369765582,77.25016422265635,40.0,162.041,49.311,1.9619814999488938,3.4342207207236877,65.42888291678025,4983.418011612271,150.79124319826386,0,0,12.255630646553552,2.9802852149367958,0.9606156539544856,RGG
1,22.936408989120082,760.6646631017807,136.1500533336798,40.0,50.083,32.393,3.398134106195676,4.140090540627072,20.047838031166865,5506.118253660613,354.1606686035779,1,1,3.81197994290765,1.5109020519039842,0.9762054536919329,RGG
3,26.965521613515023,235.57422500737567,91.43029432441479,40.0,63.906,33.353,3.5417915325992695,4.699408127908659,21.506160844971564,5766.609030739719,264.0513944498152,64,8,5.4173096677395325,2.8371641693287946,0.9915294762768663,RGG
4,25.004356433620956,290.80623581912596,101.16416147093051,40.0,63.767,34.453,2.79367399139663,3.8273090926392115,23.814795964482517,19702.9195134924,330.1195809287739,16,4,3.752470889771983,2.9428538987242185,0.9779127842244579,RGG
2,23.399644760746696,1401.9694515441465,161.00034125878895,40.0,53.901,32.861,3.0765006006943425,4.392409669532756,15.168824596008095,11367.47166298871,507.4473855611868,64,8,5.304553478598812,2.4435079604152414,0.9897189494281853,RGG
5,28.303109697977014,16.31414772511439,17.587594777092878,28.0,72.051,28.783,11.75951771798697,11.19181650419931,57.142801429002844,68.27407687256579,58.64828239192922,4,2,12.052313279919236,7.489296275393516,0.8954093073642652,RGG
6,32.205467242555784,19.480263819027073,17.03026066202208,28.0,130.468,37.832,14.94960864471844,12.195177105648215,66.02327395568146,74.3422366948352,55.76422274471097,1,1,15.578578837063267,7.469040588405247,0.8833602251921024,RGG
2,12.179849076610756,398.94452599417906,62.84655776453077,28.0,30.483,21.171,4.367918739323091,6.300975813328054,19.974966359900037,5411.4301859630805,374.63528881557437,16,4,5.701817531774452,6.773965313717248,0.9766954799079349,RGG
1,8.619202907496001,438.6166216621908,78.22752935858618,28.0,38.83,24.255,2.195535920077341,4.50436891826065,13.526637948531528,46046.60569095976,688.9594554743617,1,1,4.003763385622755,5.623522406107718,0.9686581902438532,RGG
3,12.914289585335325,104.8534324503186,41.709176230342955,28.0,38.112,21.437,4.769479217363166,6.693157624987956,24.60480646453737,2339.6631444969225,210.56157241912524,9,3,5.372503305095357,6.900419991809584,0.9873353153865668,RGG
4,10.848754855412862,173.22690964702963,52.61226873720148,28.0,43.402,23.508,2.997688390089669,5.521050791160525,20.41386189809275,1950.8719769369409,221.94977883195384,16,4,4.724093736851158,7.272896976596037,0.9781369234735624,RGG
6,22.211408394242156,32.277813842247085,24.0082671707661,28.0,38.295,20.853,4.153124950792147,6.37850602196839,42.230310302783025,118.47493299008202,71.33530935093238,1,1,12.736551413421893,6.092976999948003,0.8995065282739905,RGG
5,33.55268164536468,19.508946196952955,16.933243718259245,28.0,146.057,41.246,14.597758712981811,11.092928901064619,63.31991996522894,337.86573467361853,68.2636477974823,1,1,19.77384398330396,5.461537953215673,0.9368277720672925,RGG
2,12.179849076610756,398.94452599417906,62.84655776453077,28.0,30.483,21.171,2.4354881765335916,4.13288538534054,20.667487403104683,580387.0612044551,1028.012050913729,9,3,6.721785859597056,5.491561311217596,0.9766954799079349,RGG
1,8.619202907496001,438.6166216621908,78.22752935858618,28.0,38.83,24.255,2.2891783378862525,4.238542879142376,12.110180373531472,18640.799685357924,553.6521362850158,1,1,5.083091232584887,2.0553547618435863,0.9686581902438532,RGG
3,12.914289585335325,104.8534324503186,41.709176230342955,28.0,38.112,21.437,4.900606224473648,6.447182753100067,21.53604471806355,800809.3485770142,1066.3592257189205,36,6,7.230929049368944,5.858533467853755,0.9873353153865668,RGG
4,10.848754855412862,173.22690964702963,52.61226873720148,28.0,43.402,23.508,3.4082841927012675,5.369548177610674,15.54357345781774,7690.490841758183,294.44338854143945,49,7,6.1397782160302405,4.893700521939434,0.9781369234735624,RGG
6,20.85800297419842,11.4798241254626,12.212148781158845,24.0,54.202,23.558,2.9984471700304915,2.999223481686265,13.702318343773962,12.26465226611665,11.425506583673995,0,0,4.744043997568141,0.03911216489704668,0.9353573307482786,RGG
5,22.402305078110565,9.98184139807313,11.392969736524492,24.0,132.579,35.049,1.92460551727277,2.385224013144909,16.740455325830524,8.36797832051173,9.44907832022257,0,0,5.837521430260179,0.41923321651867296,0.9509462357240844,RGG
1,10.425147314847214,154.68329511586992,33.07102892541924,24.0,21.669,16.899,1.6526519521198795,2.1437117279461977,6.4789188886991615,1098.5262072827668,60.32389933982878,1,1,2.501499604195113,0.3501633422445414,0.990023985838683,RGG
4,7.7849154390230915,95.4446782397167,34.72858857757396,24.0,37.811,21.189,0.6633528179736776,1.3985077411710094,4.400966705354548,144.91755377969676,38.89712331638512,0,0,2.0063711568037084,0.4294372419892881,0.9825270262028463,RGG
2,6.664451006072791,234.53463332010142,47.72711981986288,24.0,40.957,22.056,0.6712294576787385,1.2640324953429585,3.2228578598829305,7615.494390660906,144.12742779822082,0,0,1.2623506635366353,0.35593125666705777,0.9798569707280687,RGG
3,9.274367688190745,73.34697987298897,29.454298174855847,24.0,31.776,18.027,1.1993807630802815,1.7178089487915735,5.398552627737208,125.65988737268002,34.36221875423348,1,1,2.021827270577529,0.45195816497160574,0.9854094184793196,RGG
6,26.267700523102725,58.078173572255544,36.764133964340886,32.0,43.048,23.193,2.9791273604411947,5.670880567896498,47.639267244865785,219.1118285862022,110.59546231297027,1,1,8.365225807903212,7.288276367799953,0.9128508135592829,RGG
5,32.36206221910054,36.46668056488911,29.130212318575946,32.0,108.449,33.646,5.654760976914562,7.668319670253314,58.28685249541683,571.2929298140529,109.43595771895555,1,1,11.466763795838702,6.985297293642265,0.8818567722251391,RGG
1,16.025741909252865,444.71715542540034,79.1251111043656,32.0,43.421,26.283,3.3708801126784755,5.341261218286775,25.32339154485202,581286.0861976888,1098.9192621364937,25,5,7.717892049806521,6.53270963078319,0.9721120094014111,RGG
3,14.046420868114906,286.09152819118515,72.66673862678783,32.0,43.773,26.407,2.6140385626139118,4.875268109982032,23.770594541381154,9373.580889874305,361.682039738984,16,4,6.330445160967299,7.3385799757232775,0.9844108015693629,RGG
4,17.074752542323623,124.28978246293133,53.697688767787966,32.0,39.825,24.133,4.256834134158709,6.557454741716209,30.24189763603801,1218.747668071217,205.16651552477308,49,7,7.443260989105311,7.094965638558385,0.9937202755146177,RGG
2,15.0812184920564,165.22718798783222,62.14775640291821,32.0,55.718,28.348,3.577422750650211,5.902251970489262,23.298143221572488,4549.073788586398,308.8775487268417,196,14,7.442155088673338,7.027338876008963,0.9806170437732545,RGG
6,10.683182646395815,11.01026105730431,10.169914802139,20.0,31.551,15.002,6.738400184533397,7.26197626287057,20.047098855400073,40.92460409870834,30.525565777515013,1,1,10.683182646395815,3.8613602222552,0.9486253196028491,RGG
2,15.780345136640552,10.644673782825937,8.444677604156228,20.0,109.333,29.162,18.490019514430287,11.334020043399205,28.00712949968258,355.8733224607305,45.47150150194924,9,3,15.780345136640552,3.520385686495451,0.9626134312423819,RGG
5,5.592893012752123,55.174463527687834,21.25371032217581,20.0,22.619,15.245,2.542900780728358,4.202287371728895,9.91376246949886,339.7774836667404,77.05786606289432,4,2,5.592893012752123,3.769761605033761,0.986920101266802,RGG
4,5.676120563308755,50.6975685336802,20.661831174090352,20.0,41.148,19.208,2.711524055819829,4.438882060588055,9.472019694572595,832.7228894779395,93.71238210888578,9,3,5.676120563308755,3.5448013632771347,0.9912437963127061,RGG
3,5.643939142079625,60.42881852871373,22.06812628313927,20.0,23.654,15.623,3.2599530452862737,4.7049915141543615,8.585450846129145,8871.233032927994,179.94112215545712,4,2,5.643939142079625,2.707925152323876,0.9853724415600139,RGG
1,5.77710504442709,160.76752707230543,28.11793052369861,20.0,30.248,17.238,3.3385494056160105,4.637913563698296,8.825761580712852,1726.2018868959824,143.5595505921978,1,1,5.77710504442709,2.2078846394072738,0.9942860110685126,RGG
5,5.196152433577029,0.9999999958159821,1.7320508039454114,12.0,36.317,13.221,9.000000037656163,5.196152433577029,4.50000000941404,1.3333333277546429,1.999999995815982,0,0,5.196152433577029,0.5,1.0,RGG
1,5.718162945680355,1.1718578383254568,1.7797030481959644,12.0,101.243,22.898,12.298073006503081,5.718162945680355,3.181202674886117,12.818082631526295,4.857071515238163,0,0,5.718162945680355,0.13337505382519563,0.7669623526161339,RGG
6,1.5816979926162467,29.342376034911474,7.928075883901671,12.0,17.768,8.957,1.0050130462675007,1.5816979926162467,0.9425917086176322,92.71788740933121,14.68557254926396,0,0,1.5816979926162467,0.2770236613255557,0.9864302063412326,RGG
3,2.401294468425061,5.326661383254361,3.90832401667757,12.0,14.182,9.351,1.9927046344062564,2.401294468425061,1.9489298601468765,8.013673321838338,4.815482093005329,0,0,2.401294468425061,0.5,0.9933579655292654,RGG
2,1.4612065452491447,103.96584030842645,12.931197160845963,12.0,7.487,7.548,0.9401747469815818,1.4612065452491447,0.7790233198535897,645.9814951623136,34.874049101667815,0,0,1.4612065452491447,0.1622249780041562,0.9875446193164193,RGG
4,1.3115351763868994,25.939618483015302,8.067080905508266,12.0,15.527,10.133,0.6388007067663425,1.3115351763868994,0.971356209989339,44.05966299988336,10.89225586816323,0,0,1.3115351763868994,0.5,0.9954182565666019,RGG
6,45.66658538850764,98.18575166105808,58.151896778237585,40.0,64.2,31.418,2.8655989635158186,6.281818128366817,94.45882226976198,358.9334620473252,174.74576821290472,1,1,14.244409028105794,12.081400217212893,0.8992548457798987,RGG
5,57.22104094122163,71.49078529842271,47.4808770724782,40.0,122.129,42.219,5.460370131038731,8.268640504357249,122.24861361471311,511.3169825092098,156.85097804005778,1,1,17.556265465467355,10.700444152246959,0.9086026782888277,RGG
1,22.936408989120082,760.6646631017807,136.1500533336798,40.0,50.083,32.393,4.734668611415386,7.081697579750896,34.753238026634804,13188.326090416303,735.0206062371753,121,11,7.663315075694766,9.327138982974546,0.9762054536919329,RGG
4,26.965521613515023,235.57422500737567,91.43029432441479,40.0,63.906,33.353,5.380211156456724,7.876613724543994,48.09509313905758,2660.0357310672953,374.6008523827556,289,17,8.511201851576935,11.698855698271025,0.9915294762768663,RGG
3,25.004356433620956,290.80623581912596,101.16416147093051,40.0,63.767,34.453,5.119447015367864,7.500195604298696,40.99854916787134,21383.431621002997,572.5600882957118,196,14,8.183882827820469,11.319189441423845,0.9779127842244579,RGG
2,23.399644760746696,1401.9694515441465,161.00034125878895,40.0,53.901,32.861,5.3500509936287095,7.809404414938293,36.03996282439409,46258.51625081839,1174.7724897499343,289,17,8.40864193695423,11.13029237959725,0.9897189494281853,RGG
5,34.87698972655798,197.90052549062136,79.85979000910055,40.0,37.519,25.111,2.976046947896461,6.173786820038882,62.43770755603836,2396.1975664721654,288.272471912468,16,4,5.838149718260684,9.911134526784176,0.9223078323866196,RGG
6,49.77126186027642,86.56054977071882,52.102903954894266,40.0,112.613,38.615,4.5178363602407625,7.431638427082074,91.4091773689945,566.8348186607166,164.10026021251318,1,1,9.356983120124921,10.162304563187291,0.8775083520485286,RGG
3,21.247699109840028,562.4211717396938,125.91977589203353,40.0,24.005,25.385,2.7713175237756262,5.403936934682631,33.06661966787135,217410.6050768415,1228.5076851806587,64,8,4.0223103961228865,7.882014690726198,0.9770659679947374,RGG
1,20.879054555354017,1651.6988859064793,165.32069321776584,40.0,27.195,26.412,3.350912644891704,5.752884282546998,33.60264149172046,90353.54745505507,1176.136854072534,81,9,3.7457286906962897,8.942819001016456,0.9887620919535132,RGG
2,24.01777810918015,722.8619522061356,130.24208374508572,40.0,41.416,29.203,3.809908573093147,6.3589383553714,39.02087450195575,290150.4462262733,1204.9072000868944,169,13,3.828889401926943,9.490470109996501,0.9884075232152302,RGG
4,25.3994347840019,905.0837161682184,129.73126362617455,40.0,34.972,29.018,4.846232872392006,7.23998460776091,39.58396868932119,3903769.260940607,3417.3086513732233,64,8,5.7322510784804175,9.897121800159116,0.9787581032319871,RGG
